Image ID,LST_Day_1km
2_2008_01_01,29.57
2_2008_01_02,27.87
2_2008_01_03,29.95
2_2008_01_04,
2_2008_01_05,30.47
2_2008_01_06,30.19
2_2008_01_07,30.83
2_2008_01_08,32.21
2_2008_01_09,31.43
2_2008_01_10,32.59
2_2008_01_11,
2_2008_01_12,31.35
2_2008_01_13,30.49
2_2008_01_14,32.75
2_2008_01_15,32.07
2_2008_01_16,31.59
2_2008_01_17,33.81
2_2008_01_18,30.19
2_2008_01_19,35.97
2_2008_01_20,
2_2008_01_21,
2_2008_01_22,
2_2008_01_23,
2_2008_01_24,
2_2008_01_25,
2_2008_01_26,
2_2008_01_27,
2_2008_01_28,27.55
2_2008_01_29,
2_2008_01_30,
2_2008_01_31,
2_2008_02_01,
2_2008_02_02,30.01
2_2008_02_03,
2_2008_02_04,
2_2008_02_05,
2_2008_02_06,
2_2008_02_07,
2_2008_02_08,
2_2008_02_09,
2_2008_02_10,29.09
2_2008_02_11,33.11
2_2008_02_12,
2_2008_02_13,34.51
2_2008_02_14,32.75
2_2008_02_15,35.13
2_2008_02_16,34.85
2_2008_02_17,34.21
2_2008_02_18,37.71
2_2008_02_19,32.67
2_2008_02_20,30.51
2_2008_02_21,
2_2008_02_22,36.27
2_2008_02_23,37.41
2_2008_02_24,37.93
2_2008_02_25,38.13
2_2008_02_26,34.11
2_2008_02_27,38.99
2_2008_02_28,
2_2008_02_29,39.37
2_2008_03_01,35.63
2_2008_03_02,40.51
2_2008_03_03,39.15
2_2008_03_04,37.13
2_2008_03_05,42.35
2_2008_03_06,36.79
2_2008_03_07,42.21
2_2008_03_08,37.17
2_2008_03_09,45.07
2_2008_03_10,
2_2008_03_11,39.17
2_2008_03_12,46.41
2_2008_03_13,
2_2008_03_14,
2_2008_03_15,
2_2008_03_16,33.23
2_2008_03_17,38.31
2_2008_03_18,42.03
2_2008_03_19,39.11
2_2008_03_20,
2_2008_03_21,39.75
2_2008_03_22,38.23
2_2008_03_23,
2_2008_03_24,
2_2008_03_25,44.23
2_2008_03_26,37.57
2_2008_03_27,43.73
2_2008_03_28,43.75
2_2008_03_29,40.13
2_2008_03_30,45.73
2_2008_03_31,
2_2008_04_01,37.61
2_2008_04_02,
2_2008_04_03,43.61
2_2008_04_04,39.85
2_2008_04_05,
2_2008_04_06,45.47
2_2008_04_07,40.61
2_2008_04_08,39.17
2_2008_04_09,
2_2008_04_10,48.89
2_2008_04_11,43.93
2_2008_04_12,40.11
2_2008_04_13,48.89
2_2008_04_14,
2_2008_04_15,
2_2008_04_16,
2_2008_04_17,43.73
2_2008_04_18,38.63
2_2008_04_19,50.61
2_2008_04_20,49.33
2_2008_04_21,48.15
2_2008_04_22,50.41
2_2008_04_23,44.77
2_2008_04_24,50.19
2_2008_04_25,41.25
2_2008_04_26,48.09
2_2008_04_27,47.29
2_2008_04_28,39.19
2_2008_04_29,51.25
2_2008_04_30,46.71
2_2008_05_01,52.19
2_2008_05_02,
2_2008_05_03,
2_2008_05_04,
2_2008_05_05,42.49
2_2008_05_06,38.25
2_2008_05_07,40.39
2_2008_05_08,43.73
2_2008_05_09,36.31
2_2008_05_10,45.39
2_2008_05_11,
2_2008_05_12,46.35
2_2008_05_13,45.19
2_2008_05_14,45.65
2_2008_05_15,
2_2008_05_16,
2_2008_05_17,47.09
2_2008_05_18,
2_2008_05_19,
2_2008_05_20,
2_2008_05_21,38.23
2_2008_05_22,37.29
2_2008_05_23,
2_2008_05_24,40.55
2_2008_05_25,
2_2008_05_26,39.53
2_2008_05_27,
2_2008_05_28,45.87
2_2008_05_29,
2_2008_05_30,41.93
2_2008_05_31,45.19
2_2008_06_01,41.91
2_2008_06_02,44.57
2_2008_06_03,
2_2008_06_04,39.13
2_2008_06_05,
2_2008_06_06,
2_2008_06_07,
2_2008_06_08,
2_2008_06_09,
2_2008_06_10,
2_2008_06_11,
2_2008_06_12,
2_2008_06_13,
2_2008_06_14,
2_2008_06_15,
2_2008_06_16,
2_2008_06_17,
2_2008_06_18,
2_2008_06_19,
2_2008_06_20,
2_2008_06_21,
2_2008_06_22,
2_2008_06_23,
2_2008_06_24,
2_2008_06_25,
2_2008_06_26,
2_2008_06_27,
2_2008_06_28,
2_2008_06_29,
2_2008_06_30,
2_2008_07_01,
2_2008_07_02,
2_2008_07_03,
2_2008_07_04,
2_2008_07_05,
2_2008_07_06,
2_2008_07_07,
2_2008_07_08,
2_2008_07_09,
2_2008_07_10,
2_2008_07_11,
2_2008_07_12,
2_2008_07_13,
2_2008_07_14,
2_2008_07_15,
2_2008_07_16,
2_2008_07_17,
2_2008_07_18,
2_2008_07_19,
2_2008_07_20,
2_2008_07_21,
2_2008_07_22,
2_2008_07_23,
2_2008_07_24,
2_2008_07_25,
2_2008_07_26,
2_2008_07_27,
2_2008_07_28,
2_2008_07_29,
2_2008_07_30,
2_2008_07_31,
2_2008_08_01,
2_2008_08_02,
2_2008_08_03,
2_2008_08_04,
2_2008_08_05,
2_2008_08_06,
2_2008_08_07,
2_2008_08_08,
2_2008_08_09,
2_2008_08_10,
2_2008_08_11,
2_2008_08_12,
2_2008_08_13,
2_2008_08_14,
2_2008_08_15,
2_2008_08_16,
2_2008_08_17,
2_2008_08_18,
2_2008_08_19,
2_2008_08_20,
2_2008_08_21,
2_2008_08_22,
2_2008_08_23,32.89
2_2008_08_24,
2_2008_08_25,
2_2008_08_26,
2_2008_08_27,
2_2008_08_28,
2_2008_08_29,
2_2008_08_30,
2_2008_08_31,
2_2008_09_01,
2_2008_09_02,
2_2008_09_03,
2_2008_09_04,
2_2008_09_05,
2_2008_09_06,
2_2008_09_07,
2_2008_09_08,32.31
2_2008_09_09,
2_2008_09_10,26.73
2_2008_09_11,
2_2008_09_12,27.47
2_2008_09_13,
2_2008_09_14,
2_2008_09_15,
2_2008_09_16,
2_2008_09_17,
2_2008_09_18,
2_2008_09_19,
2_2008_09_20,30.75
2_2008_09_21,
2_2008_09_22,30.11
2_2008_09_23,
2_2008_09_24,
2_2008_09_25,
2_2008_09_26,29.25
2_2008_09_27,
2_2008_09_28,
2_2008_09_29,
2_2008_09_30,
2_2008_10_01,32.31
2_2008_10_02,
2_2008_10_03,
2_2008_10_04,
2_2008_10_05,
2_2008_10_06,30.79
2_2008_10_07,28.27
2_2008_10_08,31.57
2_2008_10_09,
2_2008_10_10,33.51
2_2008_10_11,
2_2008_10_12,31.39
2_2008_10_13,
2_2008_10_14,
2_2008_10_15,
2_2008_10_16,
2_2008_10_17,
2_2008_10_18,
2_2008_10_19,33.07
2_2008_10_20,32.43
2_2008_10_21,31.37
2_2008_10_22,33.21
2_2008_10_23,31.91
2_2008_10_24,30.77
2_2008_10_25,
2_2008_10_26,
2_2008_10_27,
2_2008_10_28,31.41
2_2008_10_29,31.15
2_2008_10_30,30.27
2_2008_10_31,31.37
2_2008_11_01,
2_2008_11_02,32.25
2_2008_11_03,
2_2008_11_04,30.63
2_2008_11_05,
2_2008_11_06,
2_2008_11_07,31.89
2_2008_11_08,29.99
2_2008_11_09,33.67
2_2008_11_10,
2_2008_11_11,32.83
2_2008_11_12,
2_2008_11_13,
2_2008_11_14,
2_2008_11_15,
2_2008_11_16,
2_2008_11_17,29.93
2_2008_11_18,31.87
2_2008_11_19,
2_2008_11_20,31.41
2_2008_11_21,
2_2008_11_22,
2_2008_11_23,
2_2008_11_24,28.45
2_2008_11_25,30.27
2_2008_11_26,
2_2008_11_27,
2_2008_11_28,
2_2008_11_29,30.21
2_2008_11_30,
2_2008_12_01,26.43
2_2008_12_02,29.67
2_2008_12_03,
2_2008_12_04,
2_2008_12_05,
2_2008_12_06,
2_2008_12_07,
2_2008_12_08,
2_2008_12_09,31.25
2_2008_12_10,
2_2008_12_11,
2_2008_12_12,
2_2008_12_13,33.05
2_2008_12_14,
2_2008_12_15,30.43
2_2008_12_16,29.89
2_2008_12_17,
2_2008_12_18,30.33
2_2008_12_19,
2_2008_12_20,
2_2008_12_21,
2_2008_12_22,
2_2008_12_23,
2_2008_12_24,28.03
2_2008_12_25,27.63
2_2008_12_26,
2_2008_12_27,28.41
2_2008_12_28,
2_2008_12_29,29.69
2_2008_12_30,29.17
2_2008_12_31,29.33
2_2009_01_01,29.31
2_2009_01_02,
2_2009_01_03,27.97
2_2009_01_04,
2_2009_01_05,28.03
2_2009_01_06,
2_2009_01_07,
2_2009_01_08,
2_2009_01_09,
2_2009_01_10,
2_2009_01_11,
2_2009_01_12,30.91
2_2009_01_13,
2_2009_01_14,31.85
2_2009_01_15,
2_2009_01_16,30.55
2_2009_01_17,
2_2009_01_18,31.05
2_2009_01_19,34.43
2_2009_01_20,30.25
2_2009_01_21,34.89
2_2009_01_22,
2_2009_01_23,33.29
2_2009_01_24,34.51
2_2009_01_25,35.29
2_2009_01_26,37.31
2_2009_01_27,35.33
2_2009_01_28,35.45
2_2009_01_29,
2_2009_01_30,35.79
2_2009_01_31,32.41
2_2009_02_01,35.33
2_2009_02_02,33.53
2_2009_02_03,33.35
2_2009_02_04,36.21
2_2009_02_05,33.59
2_2009_02_06,37.27
2_2009_02_07,34.29
2_2009_02_08,37.41
2_2009_02_09,35.99
2_2009_02_10,37.35
2_2009_02_11,36.17
2_2009_02_12,34.33
2_2009_02_13,38.77
2_2009_02_14,
2_2009_02_15,38.89
2_2009_02_16,34.71
2_2009_02_17,39.45
2_2009_02_18,39.25
2_2009_02_19,39.75
2_2009_02_20,41.77
2_2009_02_21,37.85
2_2009_02_22,40.49
2_2009_02_23,36.63
2_2009_02_24,42.37
2_2009_02_25,37.41
2_2009_02_26,40.03
2_2009_02_27,38.55
2_2009_02_28,36.67
2_2009_03_01,42.43
2_2009_03_02,
2_2009_03_03,42.53
2_2009_03_04,35.53
2_2009_03_05,45.01
2_2009_03_06,39.99
2_2009_03_07,42.49
2_2009_03_08,44.37
2_2009_03_09,
2_2009_03_10,
2_2009_03_11,
2_2009_03_12,45.85
2_2009_03_13,40.19
2_2009_03_14,42.71
2_2009_03_15,41.19
2_2009_03_16,
2_2009_03_17,44.01
2_2009_03_18,
2_2009_03_19,44.91
2_2009_03_20,
2_2009_03_21,
2_2009_03_22,
2_2009_03_23,41.29
2_2009_03_24,45.87
2_2009_03_25,
2_2009_03_26,36.73
2_2009_03_27,40.59
2_2009_03_28,46.77
2_2009_03_29,
2_2009_03_30,
2_2009_03_31,46.37
2_2009_04_01,44.87
2_2009_04_02,49.23
2_2009_04_03,
2_2009_04_04,43.99
2_2009_04_05,43.21
2_2009_04_06,48.01
2_2009_04_07,49.23
2_2009_04_08,
2_2009_04_09,
2_2009_04_10,42.97
2_2009_04_11,52.91
2_2009_04_12,45.49
2_2009_04_13,51.77
2_2009_04_14,46.73
2_2009_04_15,50.75
2_2009_04_16,47.91
2_2009_04_17,43.31
2_2009_04_18,50.65
2_2009_04_19,
2_2009_04_20,46.29
2_2009_04_21,44.13
2_2009_04_22,47.11
2_2009_04_23,48.53
2_2009_04_24,47.75
2_2009_04_25,50.59
2_2009_04_26,40.77
2_2009_04_27,55.13
2_2009_04_28,
2_2009_04_29,49.03
2_2009_04_30,46.91
2_2009_05_01,49.01
2_2009_05_02,44.57
2_2009_05_03,
2_2009_05_04,
2_2009_05_05,
2_2009_05_06,46.17
2_2009_05_07,45.01
2_2009_05_08,48.49
2_2009_05_09,38.27
2_2009_05_10,37.39
2_2009_05_11,
2_2009_05_12,
2_2009_05_13,44.39
2_2009_05_14,
2_2009_05_15,46.69
2_2009_05_16,
2_2009_05_17,
2_2009_05_18,
2_2009_05_19,
2_2009_05_20,43.45
2_2009_05_21,
2_2009_05_22,44.47
2_2009_05_23,
2_2009_05_24,
2_2009_05_25,
2_2009_05_26,
2_2009_05_27,35.09
2_2009_05_28,
2_2009_05_29,
2_2009_05_30,
2_2009_05_31,
2_2009_06_01,
2_2009_06_02,
2_2009_06_03,
2_2009_06_04,
2_2009_06_05,39.43
2_2009_06_06,
2_2009_06_07,
2_2009_06_08,38.11
2_2009_06_09,42.29
2_2009_06_10,
2_2009_06_11,
2_2009_06_12,
2_2009_06_13,
2_2009_06_14,
2_2009_06_15,
2_2009_06_16,
2_2009_06_17,
2_2009_06_18,46.95
2_2009_06_19,
2_2009_06_20,
2_2009_06_21,47.55
2_2009_06_22,
2_2009_06_23,44.99
2_2009_06_24,
2_2009_06_25,37.93
2_2009_06_26,
2_2009_06_27,
2_2009_06_28,
2_2009_06_29,
2_2009_06_30,
2_2009_07_01,
2_2009_07_02,
2_2009_07_03,
2_2009_07_04,
2_2009_07_05,
2_2009_07_06,
2_2009_07_07,
2_2009_07_08,
2_2009_07_09,
2_2009_07_10,
2_2009_07_11,
2_2009_07_12,
2_2009_07_13,
2_2009_07_14,
2_2009_07_15,
2_2009_07_16,
2_2009_07_17,
2_2009_07_18,
2_2009_07_19,
2_2009_07_20,
2_2009_07_21,
2_2009_07_22,
2_2009_07_23,
2_2009_07_24,
2_2009_07_25,
2_2009_07_26,
2_2009_07_27,
2_2009_07_28,
2_2009_07_29,
2_2009_07_30,
2_2009_07_31,
2_2009_08_01,35.45
2_2009_08_02,
2_2009_08_03,
2_2009_08_04,
2_2009_08_05,
2_2009_08_06,
2_2009_08_07,
2_2009_08_08,
2_2009_08_09,
2_2009_08_10,
2_2009_08_11,
2_2009_08_12,
2_2009_08_13,
2_2009_08_14,
2_2009_08_15,
2_2009_08_16,
2_2009_08_17,
2_2009_08_18,
2_2009_08_19,
2_2009_08_20,
2_2009_08_21,
2_2009_08_22,
2_2009_08_23,
2_2009_08_24,
2_2009_08_25,
2_2009_08_26,
2_2009_08_27,
2_2009_08_28,
2_2009_08_29,
2_2009_08_30,22.49
2_2009_08_31,
2_2009_09_01,
2_2009_09_02,
2_2009_09_03,
2_2009_09_04,
2_2009_09_05,
2_2009_09_06,
2_2009_09_07,
2_2009_09_08,
2_2009_09_09,
2_2009_09_10,
2_2009_09_11,
2_2009_09_12,
2_2009_09_13,32.93
2_2009_09_14,
2_2009_09_15,
2_2009_09_16,
2_2009_09_17,
2_2009_09_18,
2_2009_09_19,
2_2009_09_20,
2_2009_09_21,27.95
2_2009_09_22,27.61
2_2009_09_23,
2_2009_09_24,
2_2009_09_25,
2_2009_09_26,
2_2009_09_27,
2_2009_09_28,
2_2009_09_29,
2_2009_09_30,
2_2009_10_01,
2_2009_10_02,
2_2009_10_03,
2_2009_10_04,
2_2009_10_05,
2_2009_10_06,
2_2009_10_07,
2_2009_10_08,29.49
2_2009_10_09,
2_2009_10_10,28.71
2_2009_10_11,31.85
2_2009_10_12,
2_2009_10_13,31.59
2_2009_10_14,
2_2009_10_15,30.95
2_2009_10_16,
2_2009_10_17,30.77
2_2009_10_18,32.93
2_2009_10_19,30.55
2_2009_10_20,32.75
2_2009_10_21,
2_2009_10_22,31.59
2_2009_10_23,30.61
2_2009_10_24,31.13
2_2009_10_25,30.69
2_2009_10_26,29.79
2_2009_10_27,32.11
2_2009_10_28,
2_2009_10_29,32.09
2_2009_10_30,
2_2009_10_31,31.61
2_2009_11_01,
2_2009_11_02,30.65
2_2009_11_03,32.93
2_2009_11_04,29.57
2_2009_11_05,33.13
2_2009_11_06,
2_2009_11_07,28.45
2_2009_11_08,
2_2009_11_09,
2_2009_11_10,
2_2009_11_11,31.17
2_2009_11_12,33.13
2_2009_11_13,
2_2009_11_14,33.11
2_2009_11_15,
2_2009_11_16,
2_2009_11_17,
2_2009_11_18,23.33
2_2009_11_19,28.17
2_2009_11_20,26.71
2_2009_11_21,28.71
2_2009_11_22,
2_2009_11_23,27.69
2_2009_11_24,28.87
2_2009_11_25,28.81
2_2009_11_26,29.65
2_2009_11_27,28.85
2_2009_11_28,25.95
2_2009_11_29,
2_2009_11_30,29.97
2_2009_12_01,
2_2009_12_02,30.75
2_2009_12_03,30.97
2_2009_12_04,
2_2009_12_05,29.03
2_2009_12_06,
2_2009_12_07,30.15
2_2009_12_08,
2_2009_12_09,30.07
2_2009_12_10,
2_2009_12_11,
2_2009_12_12,29.29
2_2009_12_13,30.11
2_2009_12_14,32.21
2_2009_12_15,
2_2009_12_16,31.97
2_2009_12_17,
2_2009_12_18,
2_2009_12_19,
2_2009_12_20,
2_2009_12_21,28.33
2_2009_12_22,25.45
2_2009_12_23,28.09
2_2009_12_24,
2_2009_12_25,23.51
2_2009_12_26,
2_2009_12_27,26.89
2_2009_12_28,28.07
2_2009_12_29,26.01
2_2009_12_30,
2_2009_12_31,
2_2010_01_01,27.33
2_2010_01_02,
2_2010_01_03,27.55
2_2010_01_04,
2_2010_01_05,26.89
2_2010_01_06,25.85
2_2010_01_07,26.69
2_2010_01_08,30.19
2_2010_01_09,
2_2010_01_10,
2_2010_01_11,
2_2010_01_12,28.81
2_2010_01_13,
2_2010_01_14,
2_2010_01_15,24.57
2_2010_01_16,
2_2010_01_17,31.57
2_2010_01_18,
2_2010_01_19,30.83
2_2010_01_20,31.25
2_2010_01_21,31.47
2_2010_01_22,31.85
2_2010_01_23,31.57
2_2010_01_24,34.47
2_2010_01_25,30.51
2_2010_01_26,33.97
2_2010_01_27,32.95
2_2010_01_28,
2_2010_01_29,33.17
2_2010_01_30,31.47
2_2010_01_31,32.95
2_2010_02_01,
2_2010_02_02,34.35
2_2010_02_03,
2_2010_02_04,32.97
2_2010_02_05,33.99
2_2010_02_06,34.23
2_2010_02_07,35.67
2_2010_02_08,
2_2010_02_09,
2_2010_02_10,
2_2010_02_11,35.03
2_2010_02_12,
2_2010_02_13,36.19
2_2010_02_14,36.19
2_2010_02_15,33.71
2_2010_02_16,
2_2010_02_17,
2_2010_02_18,34.45
2_2010_02_19,
2_2010_02_20,34.83
2_2010_02_21,
2_2010_02_22,31.61
2_2010_02_23,39.39
2_2010_02_24,35.41
2_2010_02_25,39.23
2_2010_02_26,34.03
2_2010_02_27,41.05
2_2010_02_28,38.09
2_2010_03_01,41.71
2_2010_03_02,42.35
2_2010_03_03,41.03
2_2010_03_04,
2_2010_03_05,
2_2010_03_06,42.55
2_2010_03_07,39.03
2_2010_03_08,42.73
2_2010_03_09,41.47
2_2010_03_10,41.27
2_2010_03_11,
2_2010_03_12,37.53
2_2010_03_13,42.63
2_2010_03_14,39.29
2_2010_03_15,42.95
2_2010_03_16,36.11
2_2010_03_17,41.99
2_2010_03_18,43.53
2_2010_03_19,42.99
2_2010_03_20,47.85
2_2010_03_21,
2_2010_03_22,48.07
2_2010_03_23,40.13
2_2010_03_24,46.47
2_2010_03_25,47.09
2_2010_03_26,42.57
2_2010_03_27,
2_2010_03_28,40.41
2_2010_03_29,48.03
2_2010_03_30,38.15
2_2010_03_31,47.65
2_2010_04_01,44.73
2_2010_04_02,43.77
2_2010_04_03,47.39
2_2010_04_04,40.65
2_2010_04_05,49.27
2_2010_04_06,
2_2010_04_07,49.81
2_2010_04_08,
2_2010_04_09,
2_2010_04_10,38.35
2_2010_04_11,50.31
2_2010_04_12,53.31
2_2010_04_13,46.79
2_2010_04_14,
2_2010_04_15,43.61
2_2010_04_16,49.89
2_2010_04_17,44.09
2_2010_04_18,43.89
2_2010_04_19,48.63
2_2010_04_20,47.55
2_2010_04_21,55.05
2_2010_04_22,
2_2010_04_23,49.45
2_2010_04_24,
2_2010_04_25,49.65
2_2010_04_26,
2_2010_04_27,46.43
2_2010_04_28,49.95
2_2010_04_29,
2_2010_04_30,42.51
2_2010_05_01,
2_2010_05_02,
2_2010_05_03,
2_2010_05_04,41.67
2_2010_05_05,
2_2010_05_06,
2_2010_05_07,
2_2010_05_08,
2_2010_05_09,
2_2010_05_10,35.75
2_2010_05_11,41.03
2_2010_05_12,41.63
2_2010_05_13,42.39
2_2010_05_14,48.29
2_2010_05_15,33.25
2_2010_05_16,48.63
2_2010_05_17,
2_2010_05_18,45.57
2_2010_05_19,
2_2010_05_20,
2_2010_05_21,
2_2010_05_22,
2_2010_05_23,46.17
2_2010_05_24,
2_2010_05_25,
2_2010_05_26,
2_2010_05_27,30.83
2_2010_05_28,
2_2010_05_29,
2_2010_05_30,37.49
2_2010_05_31,
2_2010_06_01,37.85
2_2010_06_02,
2_2010_06_03,44.53
2_2010_06_04,43.69
2_2010_06_05,41.81
2_2010_06_06,
2_2010_06_07,
2_2010_06_08,
2_2010_06_09,
2_2010_06_10,46.75
2_2010_06_11,
2_2010_06_12,
2_2010_06_13,
2_2010_06_14,
2_2010_06_15,
2_2010_06_16,
2_2010_06_17,
2_2010_06_18,
2_2010_06_19,
2_2010_06_20,
2_2010_06_21,
2_2010_06_22,
2_2010_06_23,
2_2010_06_24,
2_2010_06_25,
2_2010_06_26,
2_2010_06_27,
2_2010_06_28,
2_2010_06_29,
2_2010_06_30,
2_2010_07_01,
2_2010_07_02,
2_2010_07_03,
2_2010_07_04,
2_2010_07_05,
2_2010_07_06,
2_2010_07_07,
2_2010_07_08,
2_2010_07_09,
2_2010_07_10,
2_2010_07_11,
2_2010_07_12,
2_2010_07_13,
2_2010_07_14,
2_2010_07_15,
2_2010_07_16,
2_2010_07_17,
2_2010_07_18,
2_2010_07_19,
2_2010_07_20,
2_2010_07_21,
2_2010_07_22,
2_2010_07_23,
2_2010_07_24,
2_2010_07_25,
2_2010_07_26,
2_2010_07_27,
2_2010_07_28,
2_2010_07_29,
2_2010_07_30,
2_2010_07_31,
2_2010_08_01,
2_2010_08_02,
2_2010_08_03,
2_2010_08_04,
2_2010_08_05,
2_2010_08_06,
2_2010_08_07,
2_2010_08_08,
2_2010_08_09,
2_2010_08_10,
2_2010_08_11,
2_2010_08_12,
2_2010_08_13,
2_2010_08_14,
2_2010_08_15,
2_2010_08_16,
2_2010_08_17,
2_2010_08_18,
2_2010_08_19,
2_2010_08_20,
2_2010_08_21,
2_2010_08_22,
2_2010_08_23,
2_2010_08_24,
2_2010_08_25,
2_2010_08_26,
2_2010_08_27,
2_2010_08_28,
2_2010_08_29,
2_2010_08_30,
2_2010_08_31,
2_2010_09_01,
2_2010_09_02,
2_2010_09_03,
2_2010_09_04,
2_2010_09_05,
2_2010_09_06,
2_2010_09_07,
2_2010_09_08,
2_2010_09_09,30.69
2_2010_09_10,
2_2010_09_11,
2_2010_09_12,
2_2010_09_13,
2_2010_09_14,
2_2010_09_15,
2_2010_09_16,
2_2010_09_17,
2_2010_09_18,
2_2010_09_19,
2_2010_09_20,
2_2010_09_21,
2_2010_09_22,
2_2010_09_23,31.25
2_2010_09_24,
2_2010_09_25,31.39
2_2010_09_26,
2_2010_09_27,
2_2010_09_28,32.89
2_2010_09_29,
2_2010_09_30,32.41
2_2010_10_01,
2_2010_10_02,
2_2010_10_03,
2_2010_10_04,
2_2010_10_05,32.37
2_2010_10_06,
2_2010_10_07,
2_2010_10_08,
2_2010_10_09,29.21
2_2010_10_10,28.91
2_2010_10_11,33.05
2_2010_10_12,33.29
2_2010_10_13,
2_2010_10_14,
2_2010_10_15,
2_2010_10_16,
2_2010_10_17,
2_2010_10_18,
2_2010_10_19,
2_2010_10_20,
2_2010_10_21,
2_2010_10_22,
2_2010_10_23,30.39
2_2010_10_24,
2_2010_10_25,33.45
2_2010_10_26,
2_2010_10_27,31.67
2_2010_10_28,32.89
2_2010_10_29,30.71
2_2010_10_30,32.71
2_2010_10_31,
2_2010_11_01,
2_2010_11_02,
2_2010_11_03,29.71
2_2010_11_04,31.01
2_2010_11_05,29.93
2_2010_11_06,
2_2010_11_07,
2_2010_11_08,30.87
2_2010_11_09,
2_2010_11_10,31.05
2_2010_11_11,
2_2010_11_12,
2_2010_11_13,
2_2010_11_14,
2_2010_11_15,33.11
2_2010_11_16,
2_2010_11_17,32.51
2_2010_11_18,
2_2010_11_19,27.83
2_2010_11_20,
2_2010_11_21,29.03
2_2010_11_22,30.45
2_2010_11_23,28.07
2_2010_11_24,31.21
2_2010_11_25,
2_2010_11_26,
2_2010_11_27,
2_2010_11_28,
2_2010_11_29,31.35
2_2010_11_30,
2_2010_12_01,29.77
2_2010_12_02,
2_2010_12_03,29.21
2_2010_12_04,
2_2010_12_05,24.03
2_2010_12_06,
2_2010_12_07,
2_2010_12_08,
2_2010_12_09,
2_2010_12_10,24.71
2_2010_12_11,
2_2010_12_12,
2_2010_12_13,
2_2010_12_14,24.47
2_2010_12_15,24.17
2_2010_12_16,24.73
2_2010_12_17,25.87
2_2010_12_18,
2_2010_12_19,26.61
2_2010_12_20,26.09
2_2010_12_21,26.75
2_2010_12_22,26.25
2_2010_12_23,26.59
2_2010_12_24,28.07
2_2010_12_25,25.59
2_2010_12_26,26.85
2_2010_12_27,
2_2010_12_28,27.47
2_2010_12_29,27.87
2_2010_12_30,27.51
2_2010_12_31,
2_2011_01_01,
2_2011_01_02,27.09
2_2011_01_03,
2_2011_01_04,27.21
2_2011_01_05,
2_2011_01_06,26.95
2_2011_01_07,27.95
2_2011_01_08,26.75
2_2011_01_09,29.23
2_2011_01_10,25.93
2_2011_01_11,29.13
2_2011_01_12,
2_2011_01_13,29.97
2_2011_01_14,29.75
2_2011_01_15,30.43
2_2011_01_16,28.69
2_2011_01_17,25.11
2_2011_01_18,29.11
2_2011_01_19,
2_2011_01_20,29.21
2_2011_01_21,
2_2011_01_22,30.01
2_2011_01_23,31.83
2_2011_01_24,31.59
2_2011_01_25,33.05
2_2011_01_26,
2_2011_01_27,31.97
2_2011_01_28,
2_2011_01_29,
2_2011_01_30,
2_2011_01_31,27.07
2_2011_02_01,28.91
2_2011_02_02,28.39
2_2011_02_03,31.05
2_2011_02_04,
2_2011_02_05,31.47
2_2011_02_06,32.91
2_2011_02_07,36.15
2_2011_02_08,35.35
2_2011_02_09,32.97
2_2011_02_10,35.25
2_2011_02_11,32.17
2_2011_02_12,37.51
2_2011_02_13,33.87
2_2011_02_14,37.69
2_2011_02_15,37.35
2_2011_02_16,38.83
2_2011_02_17,
2_2011_02_18,
2_2011_02_19,
2_2011_02_20,
2_2011_02_21,
2_2011_02_22,33.43
2_2011_02_23,36.73
2_2011_02_24,
2_2011_02_25,
2_2011_02_26,
2_2011_02_27,34.99
2_2011_02_28,40.33
2_2011_03_01,38.03
2_2011_03_02,40.31
2_2011_03_03,38.67
2_2011_03_04,37.91
2_2011_03_05,
2_2011_03_06,39.67
2_2011_03_07,44.07
2_2011_03_08,
2_2011_03_09,44.15
2_2011_03_10,38.35
2_2011_03_11,37.11
2_2011_03_12,33.85
2_2011_03_13,35.63
2_2011_03_14,38.45
2_2011_03_15,34.47
2_2011_03_16,40.47
2_2011_03_17,33.01
2_2011_03_18,40.61
2_2011_03_19,41.27
2_2011_03_20,42.29
2_2011_03_21,42.09
2_2011_03_22,40.11
2_2011_03_23,44.97
2_2011_03_24,
2_2011_03_25,42.97
2_2011_03_26,
2_2011_03_27,
2_2011_03_28,
2_2011_03_29,42.55
2_2011_03_30,
2_2011_03_31,41.69
2_2011_04_01,38.33
2_2011_04_02,36.63
2_2011_04_03,44.57
2_2011_04_04,
2_2011_04_05,36.11
2_2011_04_06,45.11
2_2011_04_07,41.87
2_2011_04_08,43.91
2_2011_04_09,
2_2011_04_10,42.01
2_2011_04_11,
2_2011_04_12,46.39
2_2011_04_13,
2_2011_04_14,43.67
2_2011_04_15,48.11
2_2011_04_16,
2_2011_04_17,47.11
2_2011_04_18,
2_2011_04_19,
2_2011_04_20,
2_2011_04_21,44.27
2_2011_04_22,
2_2011_04_23,35.81
2_2011_04_24,45.51
2_2011_04_25,
2_2011_04_26,44.49
2_2011_04_27,
2_2011_04_28,39.65
2_2011_04_29,
2_2011_04_30,
2_2011_05_01,
2_2011_05_02,36.17
2_2011_05_03,47.15
2_2011_05_04,
2_2011_05_05,40.75
2_2011_05_06,37.31
2_2011_05_07,
2_2011_05_08,39.81
2_2011_05_09,35.75
2_2011_05_10,
2_2011_05_11,
2_2011_05_12,44.95
2_2011_05_13,
2_2011_05_14,43.61
2_2011_05_15,
2_2011_05_16,39.21
2_2011_05_17,45.53
2_2011_05_18,
2_2011_05_19,
2_2011_05_20,
2_2011_05_21,42.99
2_2011_05_22,
2_2011_05_23,36.19
2_2011_05_24,41.23
2_2011_05_25,
2_2011_05_26,40.67
2_2011_05_27,
2_2011_05_28,41.39
2_2011_05_29,
2_2011_05_30,
2_2011_05_31,
2_2011_06_01,38.65
2_2011_06_02,42.81
2_2011_06_03,
2_2011_06_04,
2_2011_06_05,
2_2011_06_06,46.09
2_2011_06_07,
2_2011_06_08,
2_2011_06_09,35.97
2_2011_06_10,37.65
2_2011_06_11,40.65
2_2011_06_12,
2_2011_06_13,
2_2011_06_14,
2_2011_06_15,
2_2011_06_16,
2_2011_06_17,
2_2011_06_18,
2_2011_06_19,
2_2011_06_20,
2_2011_06_21,
2_2011_06_22,
2_2011_06_23,
2_2011_06_24,
2_2011_06_25,
2_2011_06_26,
2_2011_06_27,
2_2011_06_28,
2_2011_06_29,
2_2011_06_30,
2_2011_07_01,
2_2011_07_02,
2_2011_07_03,
2_2011_07_04,
2_2011_07_05,
2_2011_07_06,32.27
2_2011_07_07,
2_2011_07_08,
2_2011_07_09,
2_2011_07_10,
2_2011_07_11,
2_2011_07_12,
2_2011_07_13,
2_2011_07_14,
2_2011_07_15,
2_2011_07_16,
2_2011_07_17,
2_2011_07_18,
2_2011_07_19,
2_2011_07_20,
2_2011_07_21,
2_2011_07_22,
2_2011_07_23,
2_2011_07_24,
2_2011_07_25,
2_2011_07_26,
2_2011_07_27,
2_2011_07_28,
2_2011_07_29,
2_2011_07_30,
2_2011_07_31,
2_2011_08_01,
2_2011_08_02,
2_2011_08_03,
2_2011_08_04,
2_2011_08_05,
2_2011_08_06,
2_2011_08_07,
2_2011_08_08,
2_2011_08_09,
2_2011_08_10,
2_2011_08_11,
2_2011_08_12,
2_2011_08_13,
2_2011_08_14,
2_2011_08_15,
2_2011_08_16,
2_2011_08_17,
2_2011_08_18,
2_2011_08_19,
2_2011_08_20,
2_2011_08_21,
2_2011_08_22,
2_2011_08_23,
2_2011_08_24,
2_2011_08_25,
2_2011_08_26,
2_2011_08_27,
2_2011_08_28,
2_2011_08_29,
2_2011_08_30,
2_2011_08_31,
2_2011_09_01,
2_2011_09_02,
2_2011_09_03,
2_2011_09_04,
2_2011_09_05,
2_2011_09_06,
2_2011_09_07,
2_2011_09_08,
2_2011_09_09,
2_2011_09_10,29.65
2_2011_09_11,
2_2011_09_12,
2_2011_09_13,
2_2011_09_14,
2_2011_09_15,
2_2011_09_16,
2_2011_09_17,
2_2011_09_18,
2_2011_09_19,
2_2011_09_20,
2_2011_09_21,
2_2011_09_22,
2_2011_09_23,
2_2011_09_24,
2_2011_09_25,
2_2011_09_26,
2_2011_09_27,
2_2011_09_28,29.45
2_2011_09_29,
2_2011_09_30,
2_2011_10_01,32.29
2_2011_10_02,
2_2011_10_03,30.57
2_2011_10_04,
2_2011_10_05,
2_2011_10_06,
2_2011_10_07,
2_2011_10_08,31.07
2_2011_10_09,
2_2011_10_10,31.87
2_2011_10_11,
2_2011_10_12,32.01
2_2011_10_13,
2_2011_10_14,30.19
2_2011_10_15,31.85
2_2011_10_16,30.69
2_2011_10_17,32.79
2_2011_10_18,
2_2011_10_19,
2_2011_10_20,
2_2011_10_21,
2_2011_10_22,30.57
2_2011_10_23,29.47
2_2011_10_24,31.97
2_2011_10_25,29.25
2_2011_10_26,30.43
2_2011_10_27,
2_2011_10_28,31.03
2_2011_10_29,29.99
2_2011_10_30,30.57
2_2011_10_31,
2_2011_11_01,29.15
2_2011_11_02,30.29
2_2011_11_03,
2_2011_11_04,31.61
2_2011_11_05,30.27
2_2011_11_06,31.37
2_2011_11_07,29.87
2_2011_11_08,30.77
2_2011_11_09,31.95
2_2011_11_10,29.41
2_2011_11_11,31.53
2_2011_11_12,
2_2011_11_13,
2_2011_11_14,
2_2011_11_15,
2_2011_11_16,30.19
2_2011_11_17,30.69
2_2011_11_18,32.63
2_2011_11_19,
2_2011_11_20,30.45
2_2011_11_21,
2_2011_11_22,
2_2011_11_23,
2_2011_11_24,
2_2011_11_25,31.29
2_2011_11_26,28.35
2_2011_11_27,31.77
2_2011_11_28,
2_2011_11_29,29.05
2_2011_11_30,
2_2011_12_01,
2_2011_12_02,
2_2011_12_03,28.73
2_2011_12_04,30.69
2_2011_12_05,
2_2011_12_06,30.43
2_2011_12_07,
2_2011_12_08,31.45
2_2011_12_09,
2_2011_12_10,30.85
2_2011_12_11,
2_2011_12_12,
2_2011_12_13,
2_2011_12_14,
2_2011_12_15,29.05
2_2011_12_16,
2_2011_12_17,27.61
2_2011_12_18,28.83
2_2011_12_19,24.83
2_2011_12_20,29.89
2_2011_12_21,
2_2011_12_22,29.27
2_2011_12_23,
2_2011_12_24,
2_2011_12_25,
2_2011_12_26,27.61
2_2011_12_27,29.49
2_2011_12_28,
2_2011_12_29,
2_2011_12_30,
2_2011_12_31,
2_2012_01_01,
2_2012_01_02,
2_2012_01_03,
2_2012_01_04,
2_2012_01_05,
2_2012_01_06,
2_2012_01_07,
2_2012_01_08,
2_2012_01_09,
2_2012_01_10,
2_2012_01_11,22.81
2_2012_01_12,23.59
2_2012_01_13,21.17
2_2012_01_14,23.65
2_2012_01_15,
2_2012_01_16,26.87
2_2012_01_17,28.61
2_2012_01_18,
2_2012_01_19,27.31
2_2012_01_20,
2_2012_01_21,28.99
2_2012_01_22,
2_2012_01_23,28.25
2_2012_01_24,28.21
2_2012_01_25,29.35
2_2012_01_26,
2_2012_01_27,29.35
2_2012_01_28,29.13
2_2012_01_29,
2_2012_01_30,28.99
2_2012_01_31,
2_2012_02_01,28.67
2_2012_02_02,29.33
2_2012_02_03,30.65
2_2012_02_04,33.37
2_2012_02_05,32.63
2_2012_02_06,35.57
2_2012_02_07,
2_2012_02_08,
2_2012_02_09,30.47
2_2012_02_10,31.95
2_2012_02_11,33.39
2_2012_02_12,31.79
2_2012_02_13,33.05
2_2012_02_14,
2_2012_02_15,
2_2012_02_16,
2_2012_02_17,29.11
2_2012_02_18,30.17
2_2012_02_19,31.83
2_2012_02_20,33.81
2_2012_02_21,32.39
2_2012_02_22,37.03
2_2012_02_23,
2_2012_02_24,39.43
2_2012_02_25,36.17
2_2012_02_26,36.49
2_2012_02_27,39.43
2_2012_02_28,36.67
2_2012_02_29,36.85
2_2012_03_01,34.79
2_2012_03_02,39.79
2_2012_03_03,35.37
2_2012_03_04,38.69
2_2012_03_05,36.09
2_2012_03_06,39.75
2_2012_03_07,40.87
2_2012_03_08,35.41
2_2012_03_09,40.25
2_2012_03_10,
2_2012_03_11,38.81
2_2012_03_12,35.39
2_2012_03_13,34.45
2_2012_03_14,36.71
2_2012_03_15,35.37
2_2012_03_16,39.85
2_2012_03_17,37.05
2_2012_03_18,42.85
2_2012_03_19,33.81
2_2012_03_20,43.03
2_2012_03_21,43.13
2_2012_03_22,40.63
2_2012_03_23,44.81
2_2012_03_24,42.71
2_2012_03_25,46.33
2_2012_03_26,
2_2012_03_27,45.81
2_2012_03_28,
2_2012_03_29,43.43
2_2012_03_30,41.45
2_2012_03_31,
2_2012_04_01,44.47
2_2012_04_02,41.19
2_2012_04_03,
2_2012_04_04,
2_2012_04_05,42.93
2_2012_04_06,43.61
2_2012_04_07,43.57
2_2012_04_08,
2_2012_04_09,44.21
2_2012_04_10,45.51
2_2012_04_11,
2_2012_04_12,42.73
2_2012_04_13,37.63
2_2012_04_14,39.89
2_2012_04_15,44.91
2_2012_04_16,
2_2012_04_17,45.87
2_2012_04_18,39.45
2_2012_04_19,47.05
2_2012_04_20,43.49
2_2012_04_21,45.03
2_2012_04_22,45.15
2_2012_04_23,41.87
2_2012_04_24,
2_2012_04_25,37.89
2_2012_04_26,37.49
2_2012_04_27,
2_2012_04_28,44.19
2_2012_04_29,
2_2012_04_30,47.65
2_2012_05_01,41.07
2_2012_05_02,42.43
2_2012_05_03,48.31
2_2012_05_04,39.01
2_2012_05_05,
2_2012_05_06,
2_2012_05_07,46.29
2_2012_05_08,43.01
2_2012_05_09,
2_2012_05_10,43.43
2_2012_05_11,
2_2012_05_12,
2_2012_05_13,
2_2012_05_14,47.47
2_2012_05_15,
2_2012_05_16,43.45
2_2012_05_17,45.29
2_2012_05_18,
2_2012_05_19,42.09
2_2012_05_20,
2_2012_05_21,47.03
2_2012_05_22,
2_2012_05_23,51.21
2_2012_05_24,44.37
2_2012_05_25,44.75
2_2012_05_26,47.05
2_2012_05_27,
2_2012_05_28,
2_2012_05_29,
2_2012_05_30,50.21
2_2012_05_31,42.49
2_2012_06_01,39.33
2_2012_06_02,
2_2012_06_03,
2_2012_06_04,43.19
2_2012_06_05,
2_2012_06_06,47.47
2_2012_06_07,
2_2012_06_08,
2_2012_06_09,
2_2012_06_10,
2_2012_06_11,43.59
2_2012_06_12,
2_2012_06_13,46.37
2_2012_06_14,
2_2012_06_15,
2_2012_06_16,
2_2012_06_17,
2_2012_06_18,
2_2012_06_19,
2_2012_06_20,
2_2012_06_21,
2_2012_06_22,
2_2012_06_23,
2_2012_06_24,
2_2012_06_25,
2_2012_06_26,
2_2012_06_27,
2_2012_06_28,
2_2012_06_29,37.37
2_2012_06_30,
2_2012_07_01,
2_2012_07_02,
2_2012_07_03,
2_2012_07_04,
2_2012_07_05,
2_2012_07_06,
2_2012_07_07,
2_2012_07_08,
2_2012_07_09,
2_2012_07_10,
2_2012_07_11,
2_2012_07_12,
2_2012_07_13,
2_2012_07_14,
2_2012_07_15,
2_2012_07_16,
2_2012_07_17,
2_2012_07_18,
2_2012_07_19,
2_2012_07_20,
2_2012_07_21,
2_2012_07_22,
2_2012_07_23,
2_2012_07_24,
2_2012_07_25,
2_2012_07_26,
2_2012_07_27,
2_2012_07_28,
2_2012_07_29,
2_2012_07_30,
2_2012_07_31,
2_2012_08_01,
2_2012_08_02,
2_2012_08_03,
2_2012_08_04,
2_2012_08_05,
2_2012_08_06,
2_2012_08_07,
2_2012_08_08,
2_2012_08_09,
2_2012_08_10,
2_2012_08_11,
2_2012_08_12,
2_2012_08_13,
2_2012_08_14,
2_2012_08_15,
2_2012_08_16,
2_2012_08_17,
2_2012_08_18,
2_2012_08_19,
2_2012_08_20,
2_2012_08_21,
2_2012_08_22,
2_2012_08_23,
2_2012_08_24,
2_2012_08_25,
2_2012_08_26,
2_2012_08_27,
2_2012_08_28,
2_2012_08_29,
2_2012_08_30,
2_2012_08_31,
2_2012_09_01,
2_2012_09_02,
2_2012_09_03,
2_2012_09_04,
2_2012_09_05,
2_2012_09_06,
2_2012_09_07,
2_2012_09_08,32.59
2_2012_09_09,
2_2012_09_10,29.37
2_2012_09_11,
2_2012_09_12,
2_2012_09_13,
2_2012_09_14,
2_2012_09_15,
2_2012_09_16,
2_2012_09_17,
2_2012_09_18,
2_2012_09_19,
2_2012_09_20,
2_2012_09_21,
2_2012_09_22,
2_2012_09_23,29.83
2_2012_09_24,32.13
2_2012_09_25,26.45
2_2012_09_26,32.17
2_2012_09_27,
2_2012_09_28,31.53
2_2012_09_29,
2_2012_09_30,
2_2012_10_01,
2_2012_10_02,27.17
2_2012_10_03,
2_2012_10_04,
2_2012_10_05,
2_2012_10_06,
2_2012_10_07,32.09
2_2012_10_08,
2_2012_10_09,
2_2012_10_10,
2_2012_10_11,
2_2012_10_12,32.27
2_2012_10_13,
2_2012_10_14,33.99
2_2012_10_15,31.25
2_2012_10_16,30.97
2_2012_10_17,30.97
2_2012_10_18,29.43
2_2012_10_19,32.17
2_2012_10_20,
2_2012_10_21,33.19
2_2012_10_22,
2_2012_10_23,31.33
2_2012_10_24,32.09
2_2012_10_25,
2_2012_10_26,31.87
2_2012_10_27,
2_2012_10_28,31.93
2_2012_10_29,30.95
2_2012_10_30,33.01
2_2012_10_31,
2_2012_11_01,
2_2012_11_02,
2_2012_11_03,
2_2012_11_04,
2_2012_11_05,
2_2012_11_06,
2_2012_11_07,
2_2012_11_08,
2_2012_11_09,
2_2012_11_10,
2_2012_11_11,28.39
2_2012_11_12,
2_2012_11_13,
2_2012_11_14,
2_2012_11_15,28.31
2_2012_11_16,28.97
2_2012_11_17,25.23
2_2012_11_18,
2_2012_11_19,
2_2012_11_20,29.51
2_2012_11_21,
2_2012_11_22,29.27
2_2012_11_23,
2_2012_11_24,28.41
2_2012_11_25,29.27
2_2012_11_26,28.11
2_2012_11_27,28.79
2_2012_11_28,27.99
2_2012_11_29,28.83
2_2012_11_30,
2_2012_12_01,28.95
2_2012_12_02,
2_2012_12_03,26.77
2_2012_12_04,30.83
2_2012_12_05,28.93
2_2012_12_06,29.91
2_2012_12_07,
2_2012_12_08,30.39
2_2012_12_09,30.53
2_2012_12_10,29.95
2_2012_12_11,
2_2012_12_12,
2_2012_12_13,
2_2012_12_14,
2_2012_12_15,
2_2012_12_16,
2_2012_12_17,25.93
2_2012_12_18,27.57
2_2012_12_19,26.65
2_2012_12_20,28.29
2_2012_12_21,25.17
2_2012_12_22,26.33
2_2012_12_23,
2_2012_12_24,26.27
2_2012_12_25,
2_2012_12_26,23.39
2_2012_12_27,25.25
2_2012_12_28,25.89
2_2012_12_29,26.35
2_2012_12_30,
2_2012_12_31,27.49
2_2013_01_01,
2_2013_01_02,
2_2013_01_03,
2_2013_01_04,
2_2013_01_05,
2_2013_01_06,
2_2013_01_07,
2_2013_01_08,
2_2013_01_09,26.79
2_2013_01_10,
2_2013_01_11,26.25
2_2013_01_12,
2_2013_01_13,
2_2013_01_14,29.53
2_2013_01_15,
2_2013_01_16,31.07
2_2013_01_17,
2_2013_01_18,24.75
2_2013_01_19,
2_2013_01_20,
2_2013_01_21,29.33
2_2013_01_22,
2_2013_01_23,30.75
2_2013_01_24,
2_2013_01_25,30.39
2_2013_01_26,28.27
2_2013_01_27,26.11
2_2013_01_28,
2_2013_01_29,28.75
2_2013_01_30,31.43
2_2013_01_31,29.65
2_2013_02_01,22.83
2_2013_02_02,
2_2013_02_03,32.49
2_2013_02_04,
2_2013_02_05,31.87
2_2013_02_06,35.57
2_2013_02_07,
2_2013_02_08,26.89
2_2013_02_09,
2_2013_02_10,34.03
2_2013_02_11,
2_2013_02_12,
2_2013_02_13,35.07
2_2013_02_14,35.31
2_2013_02_15,
2_2013_02_16,
2_2013_02_17,
2_2013_02_18,
2_2013_02_19,28.43
2_2013_02_20,
2_2013_02_21,33.17
2_2013_02_22,36.35
2_2013_02_23,35.95
2_2013_02_24,36.23
2_2013_02_25,
2_2013_02_26,38.27
2_2013_02_27,37.91
2_2013_02_28,39.41
2_2013_03_01,39.37
2_2013_03_02,37.93
2_2013_03_03,41.13
2_2013_03_04,37.41
2_2013_03_05,41.93
2_2013_03_06,37.79
2_2013_03_07,40.37
2_2013_03_08,39.61
2_2013_03_09,42.85
2_2013_03_10,44.77
2_2013_03_11,39.77
2_2013_03_12,44.41
2_2013_03_13,
2_2013_03_14,43.25
2_2013_03_15,40.11
2_2013_03_16,40.83
2_2013_03_17,
2_2013_03_18,40.01
2_2013_03_19,42.37
2_2013_03_20,40.49
2_2013_03_21,46.83
2_2013_03_22,37.81
2_2013_03_23,45.95
2_2013_03_24,39.13
2_2013_03_25,42.17
2_2013_03_26,45.51
2_2013_03_27,43.21
2_2013_03_28,42.41
2_2013_03_29,
2_2013_03_30,40.59
2_2013_03_31,40.07
2_2013_04_01,44.85
2_2013_04_02,44.21
2_2013_04_03,43.33
2_2013_04_04,45.91
2_2013_04_05,41.47
2_2013_04_06,47.89
2_2013_04_07,42.77
2_2013_04_08,47.75
2_2013_04_09,45.41
2_2013_04_10,49.23
2_2013_04_11,44.43
2_2013_04_12,43.61
2_2013_04_13,49.27
2_2013_04_14,
2_2013_04_15,45.47
2_2013_04_16,
2_2013_04_17,42.83
2_2013_04_18,41.85
2_2013_04_19,
2_2013_04_20,
2_2013_04_21,
2_2013_04_22,41.83
2_2013_04_23,
2_2013_04_24,
2_2013_04_25,41.43
2_2013_04_26,
2_2013_04_27,
2_2013_04_28,43.77
2_2013_04_29,47.23
2_2013_04_30,
2_2013_05_01,47.71
2_2013_05_02,42.19
2_2013_05_03,49.53
2_2013_05_04,47.11
2_2013_05_05,47.47
2_2013_05_06,46.93
2_2013_05_07,41.25
2_2013_05_08,46.65
2_2013_05_09,40.11
2_2013_05_10,48.73
2_2013_05_11,48.27
2_2013_05_12,43.21
2_2013_05_13,
2_2013_05_14,
2_2013_05_15,48.55
2_2013_05_16,
2_2013_05_17,
2_2013_05_18,
2_2013_05_19,51.67
2_2013_05_20,
2_2013_05_21,
2_2013_05_22,
2_2013_05_23,
2_2013_05_24,41.39
2_2013_05_25,
2_2013_05_26,44.05
2_2013_05_27,
2_2013_05_28,
2_2013_05_29,
2_2013_05_30,
2_2013_05_31,
2_2013_06_01,
2_2013_06_02,34.85
2_2013_06_03,
2_2013_06_04,
2_2013_06_05,
2_2013_06_06,
2_2013_06_07,
2_2013_06_08,
2_2013_06_09,39.07
2_2013_06_10,
2_2013_06_11,
2_2013_06_12,
2_2013_06_13,
2_2013_06_14,
2_2013_06_15,
2_2013_06_16,
2_2013_06_17,
2_2013_06_18,
2_2013_06_19,
2_2013_06_20,
2_2013_06_21,
2_2013_06_22,
2_2013_06_23,
2_2013_06_24,
2_2013_06_25,
2_2013_06_26,
2_2013_06_27,
2_2013_06_28,
2_2013_06_29,
2_2013_06_30,
2_2013_07_01,
2_2013_07_02,
2_2013_07_03,
2_2013_07_04,
2_2013_07_05,
2_2013_07_06,
2_2013_07_07,
2_2013_07_08,
2_2013_07_09,
2_2013_07_10,
2_2013_07_11,
2_2013_07_12,
2_2013_07_13,
2_2013_07_14,
2_2013_07_15,
2_2013_07_16,
2_2013_07_17,
2_2013_07_18,
2_2013_07_19,
2_2013_07_20,
2_2013_07_21,
2_2013_07_22,
2_2013_07_23,
2_2013_07_24,
2_2013_07_25,
2_2013_07_26,
2_2013_07_27,
2_2013_07_28,
2_2013_07_29,
2_2013_07_30,
2_2013_07_31,
2_2013_08_01,
2_2013_08_02,
2_2013_08_03,
2_2013_08_04,
2_2013_08_05,
2_2013_08_06,
2_2013_08_07,
2_2013_08_08,
2_2013_08_09,
2_2013_08_10,
2_2013_08_11,
2_2013_08_12,
2_2013_08_13,
2_2013_08_14,
2_2013_08_15,
2_2013_08_16,
2_2013_08_17,
2_2013_08_18,
2_2013_08_19,
2_2013_08_20,
2_2013_08_21,
2_2013_08_22,
2_2013_08_23,
2_2013_08_24,
2_2013_08_25,
2_2013_08_26,
2_2013_08_27,
2_2013_08_28,
2_2013_08_29,
2_2013_08_30,
2_2013_08_31,
2_2013_09_01,
2_2013_09_02,
2_2013_09_03,
2_2013_09_04,33.17
2_2013_09_05,
2_2013_09_06,
2_2013_09_07,
2_2013_09_08,
2_2013_09_09,
2_2013_09_10,
2_2013_09_11,
2_2013_09_12,
2_2013_09_13,34.05
2_2013_09_14,
2_2013_09_15,
2_2013_09_16,
2_2013_09_17,
2_2013_09_18,
2_2013_09_19,
2_2013_09_20,
2_2013_09_21,
2_2013_09_22,28.41
2_2013_09_23,
2_2013_09_24,
2_2013_09_25,
2_2013_09_26,
2_2013_09_27,
2_2013_09_28,
2_2013_09_29,
2_2013_09_30,
2_2013_10_01,
2_2013_10_02,
2_2013_10_03,27.63
2_2013_10_04,
2_2013_10_05,
2_2013_10_06,
2_2013_10_07,
2_2013_10_08,
2_2013_10_09,
2_2013_10_10,
2_2013_10_11,
2_2013_10_12,
2_2013_10_13,
2_2013_10_14,
2_2013_10_15,
2_2013_10_16,
2_2013_10_17,28.45
2_2013_10_18,
2_2013_10_19,29.65
2_2013_10_20,
2_2013_10_21,
2_2013_10_22,
2_2013_10_23,
2_2013_10_24,
2_2013_10_25,
2_2013_10_26,
2_2013_10_27,
2_2013_10_28,19.81
2_2013_10_29,29.45
2_2013_10_30,28.51
2_2013_10_31,30.29
2_2013_11_01,
2_2013_11_02,29.89
2_2013_11_03,
2_2013_11_04,
2_2013_11_05,
2_2013_11_06,
2_2013_11_07,28.69
2_2013_11_08,
2_2013_11_09,28.65
2_2013_11_10,
2_2013_11_11,28.89
2_2013_11_12,
2_2013_11_13,
2_2013_11_14,
2_2013_11_15,26.87
2_2013_11_16,29.45
2_2013_11_17,
2_2013_11_18,28.81
2_2013_11_19,29.05
2_2013_11_20,28.07
2_2013_11_21,28.01
2_2013_11_22,27.53
2_2013_11_23,28.29
2_2013_11_24,
2_2013_11_25,27.83
2_2013_11_26,
2_2013_11_27,
2_2013_11_28,
2_2013_11_29,
2_2013_11_30,29.75
2_2013_12_01,27.97
2_2013_12_02,29.07
2_2013_12_03,
2_2013_12_04,28.07
2_2013_12_05,27.19
2_2013_12_06,26.43
2_2013_12_07,19.87
2_2013_12_08,
2_2013_12_09,28.15
2_2013_12_10,
2_2013_12_11,28.63
2_2013_12_12,
2_2013_12_13,27.01
2_2013_12_14,
2_2013_12_15,25.89
2_2013_12_16,27.81
2_2013_12_17,
2_2013_12_18,26.69
2_2013_12_19,
2_2013_12_20,27.17
2_2013_12_21,
2_2013_12_22,28.05
2_2013_12_23,28.91
2_2013_12_24,
2_2013_12_25,27.13
2_2013_12_26,
2_2013_12_27,29.67
2_2013_12_28,
2_2013_12_29,27.87
2_2013_12_30,
2_2013_12_31,
2_2014_01_01,29.03
2_2014_01_02,
2_2014_01_03,28.61
2_2014_01_04,
2_2014_01_05,28.15
2_2014_01_06,
2_2014_01_07,25.09
2_2014_01_08,26.45
2_2014_01_09,26.45
2_2014_01_10,28.35
2_2014_01_11,
2_2014_01_12,20.89
2_2014_01_13,
2_2014_01_14,17.93
2_2014_01_15,26.73
2_2014_01_16,
2_2014_01_17,28.77
2_2014_01_18,
2_2014_01_19,
2_2014_01_20,29.65
2_2014_01_21,31.17
2_2014_01_22,30.45
2_2014_01_23,
2_2014_01_24,31.63
2_2014_01_25,30.85
2_2014_01_26,31.27
2_2014_01_27,
2_2014_01_28,29.21
2_2014_01_29,21.93
2_2014_01_30,31.37
2_2014_01_31,31.33
2_2014_02_01,31.39
2_2014_02_02,35.33
2_2014_02_03,32.75
2_2014_02_04,34.69
2_2014_02_05,31.31
2_2014_02_06,35.23
2_2014_02_07,34.27
2_2014_02_08,35.25
2_2014_02_09,34.27
2_2014_02_10,31.45
2_2014_02_11,31.87
2_2014_02_12,
2_2014_02_13,33.91
2_2014_02_14,
2_2014_02_15,
2_2014_02_16,
2_2014_02_17,27.35
2_2014_02_18,32.47
2_2014_02_19,30.35
2_2014_02_20,34.37
2_2014_02_21,31.93
2_2014_02_22,33.75
2_2014_02_23,
2_2014_02_24,33.31
2_2014_02_25,35.07
2_2014_02_26,
2_2014_02_27,
2_2014_02_28,
2_2014_03_01,
2_2014_03_02,
2_2014_03_03,
2_2014_03_04,
2_2014_03_05,31.39
2_2014_03_06,20.69
2_2014_03_07,29.33
2_2014_03_08,35.27
2_2014_03_09,
2_2014_03_10,
2_2014_03_11,
2_2014_03_12,
2_2014_03_13,32.57
2_2014_03_14,
2_2014_03_15,40.55
2_2014_03_16,
2_2014_03_17,40.49
2_2014_03_18,38.33
2_2014_03_19,37.91
2_2014_03_20,38.55
2_2014_03_21,38.61
2_2014_03_22,40.49
2_2014_03_23,36.05
2_2014_03_24,
2_2014_03_25,
2_2014_03_26,41.29
2_2014_03_27,
2_2014_03_28,42.77
2_2014_03_29,42.87
2_2014_03_30,42.33
2_2014_03_31,44.19
2_2014_04_01,
2_2014_04_02,46.01
2_2014_04_03,39.11
2_2014_04_04,43.85
2_2014_04_05,37.75
2_2014_04_06,44.29
2_2014_04_07,46.01
2_2014_04_08,40.75
2_2014_04_09,
2_2014_04_10,37.71
2_2014_04_11,46.93
2_2014_04_12,
2_2014_04_13,38.29
2_2014_04_14,
2_2014_04_15,42.87
2_2014_04_16,
2_2014_04_17,
2_2014_04_18,47.61
2_2014_04_19,38.87
2_2014_04_20,
2_2014_04_21,44.09
2_2014_04_22,45.01
2_2014_04_23,46.19
2_2014_04_24,38.05
2_2014_04_25,50.49
2_2014_04_26,43.33
2_2014_04_27,49.87
2_2014_04_28,45.05
2_2014_04_29,49.27
2_2014_04_30,49.27
2_2014_05_01,
2_2014_05_02,49.85
2_2014_05_03,
2_2014_05_04,39.19
2_2014_05_05,
2_2014_05_06,47.59
2_2014_05_07,38.09
2_2014_05_08,
2_2014_05_09,
2_2014_05_10,
2_2014_05_11,46.63
2_2014_05_12,37.49
2_2014_05_13,45.91
2_2014_05_14,44.37
2_2014_05_15,45.09
2_2014_05_16,46.31
2_2014_05_17,39.95
2_2014_05_18,46.17
2_2014_05_19,
2_2014_05_20,
2_2014_05_21,36.25
2_2014_05_22,47.59
2_2014_05_23,47.61
2_2014_05_24,40.85
2_2014_05_25,
2_2014_05_26,
2_2014_05_27,
2_2014_05_28,
2_2014_05_29,37.47
2_2014_05_30,36.63
2_2014_05_31,
2_2014_06_01,35.15
2_2014_06_02,
2_2014_06_03,43.35
2_2014_06_04,
2_2014_06_05,43.89
2_2014_06_06,
2_2014_06_07,43.77
2_2014_06_08,37.09
2_2014_06_09,32.75
2_2014_06_10,
2_2014_06_11,37.01
2_2014_06_12,41.87
2_2014_06_13,
2_2014_06_14,43.97
2_2014_06_15,
2_2014_06_16,
2_2014_06_17,
2_2014_06_18,
2_2014_06_19,
2_2014_06_20,
2_2014_06_21,
2_2014_06_22,
2_2014_06_23,
2_2014_06_24,
2_2014_06_25,
2_2014_06_26,
2_2014_06_27,
2_2014_06_28,
2_2014_06_29,
2_2014_06_30,
2_2014_07_01,
2_2014_07_02,
2_2014_07_03,
2_2014_07_04,
2_2014_07_05,
2_2014_07_06,
2_2014_07_07,
2_2014_07_08,
2_2014_07_09,
2_2014_07_10,
2_2014_07_11,
2_2014_07_12,
2_2014_07_13,
2_2014_07_14,
2_2014_07_15,
2_2014_07_16,
2_2014_07_17,
2_2014_07_18,
2_2014_07_19,
2_2014_07_20,
2_2014_07_21,
2_2014_07_22,
2_2014_07_23,
2_2014_07_24,
2_2014_07_25,
2_2014_07_26,
2_2014_07_27,
2_2014_07_28,
2_2014_07_29,
2_2014_07_30,
2_2014_07_31,
2_2014_08_01,
2_2014_08_02,
2_2014_08_03,
2_2014_08_04,
2_2014_08_05,
2_2014_08_06,
2_2014_08_07,
2_2014_08_08,
2_2014_08_09,
2_2014_08_10,
2_2014_08_11,
2_2014_08_12,
2_2014_08_13,
2_2014_08_14,
2_2014_08_15,
2_2014_08_16,
2_2014_08_17,
2_2014_08_18,
2_2014_08_19,
2_2014_08_20,
2_2014_08_21,
2_2014_08_22,
2_2014_08_23,
2_2014_08_24,
2_2014_08_25,
2_2014_08_26,
2_2014_08_27,
2_2014_08_28,
2_2014_08_29,
2_2014_08_30,
2_2014_08_31,
2_2014_09_01,
2_2014_09_02,
2_2014_09_03,
2_2014_09_04,
2_2014_09_05,
2_2014_09_06,
2_2014_09_07,
2_2014_09_08,
2_2014_09_09,
2_2014_09_10,
2_2014_09_11,30.15
2_2014_09_12,
2_2014_09_13,
2_2014_09_14,30.03
2_2014_09_15,
2_2014_09_16,
2_2014_09_17,
2_2014_09_18,23.81
2_2014_09_19,
2_2014_09_20,
2_2014_09_21,
2_2014_09_22,
2_2014_09_23,29.95
2_2014_09_24,
2_2014_09_25,31.67
2_2014_09_26,30.99
2_2014_09_27,
2_2014_09_28,
2_2014_09_29,
2_2014_09_30,
2_2014_10_01,28.01
2_2014_10_02,32.73
2_2014_10_03,
2_2014_10_04,
2_2014_10_05,
2_2014_10_06,
2_2014_10_07,32.29
2_2014_10_08,
2_2014_10_09,
2_2014_10_10,
2_2014_10_11,
2_2014_10_12,
2_2014_10_13,
2_2014_10_14,27.95
2_2014_10_15,28.13
2_2014_10_16,31.87
2_2014_10_17,28.37
2_2014_10_18,30.75
2_2014_10_19,
2_2014_10_20,30.15
2_2014_10_21,30.25
2_2014_10_22,30.19
2_2014_10_23,28.81
2_2014_10_24,
2_2014_10_25,
2_2014_10_26,
2_2014_10_27,
2_2014_10_28,
2_2014_10_29,30.27
2_2014_10_30,
2_2014_10_31,29.97
2_2014_11_01,
2_2014_11_02,
2_2014_11_03,29.97
2_2014_11_04,
2_2014_11_05,29.81
2_2014_11_06,
2_2014_11_07,30.33
2_2014_11_08,31.49
2_2014_11_09,26.57
2_2014_11_10,29.25
2_2014_11_11,
2_2014_11_12,
2_2014_11_13,
2_2014_11_14,
2_2014_11_15,
2_2014_11_16,
2_2014_11_17,29.05
2_2014_11_18,27.51
2_2014_11_19,29.33
2_2014_11_20,
2_2014_11_21,30.01
2_2014_11_22,29.47
2_2014_11_23,28.51
2_2014_11_24,
2_2014_11_25,27.09
2_2014_11_26,28.23
2_2014_11_27,
2_2014_11_28,30.09
2_2014_11_29,
2_2014_11_30,30.73
2_2014_12_01,30.43
2_2014_12_02,26.53
2_2014_12_03,29.49
2_2014_12_04,
2_2014_12_05,28.71
2_2014_12_06,
2_2014_12_07,29.29
2_2014_12_08,29.29
2_2014_12_09,29.55
2_2014_12_10,30.09
2_2014_12_11,26.91
2_2014_12_12,21.41
2_2014_12_13,
2_2014_12_14,
2_2014_12_15,
2_2014_12_16,
2_2014_12_17,26.73
2_2014_12_18,26.27
2_2014_12_19,28.61
2_2014_12_20,26.53
2_2014_12_21,
2_2014_12_22,
2_2014_12_23,27.45
2_2014_12_24,
2_2014_12_25,27.17
2_2014_12_26,
2_2014_12_27,25.33
2_2014_12_28,26.91
2_2014_12_29,
2_2014_12_30,28.95
2_2014_12_31,
2_2015_01_01,
2_2015_01_02,
2_2015_01_03,
2_2015_01_04,
2_2015_01_05,25.67
2_2015_01_06,26.91
2_2015_01_07,
2_2015_01_08,17.49
2_2015_01_09,
2_2015_01_10,28.85
2_2015_01_11,26.09
2_2015_01_12,
2_2015_01_13,
2_2015_01_14,
2_2015_01_15,27.95
2_2015_01_16,28.39
2_2015_01_17,28.41
2_2015_01_18,29.59
2_2015_01_19,29.93
2_2015_01_20,30.61
2_2015_01_21,
2_2015_01_22,31.89
2_2015_01_23,
2_2015_01_24,24.79
2_2015_01_25,
2_2015_01_26,
2_2015_01_27,31.35
2_2015_01_28,
2_2015_01_29,
2_2015_01_30,
2_2015_01_31,31.65
2_2015_02_01,29.83
2_2015_02_02,32.99
2_2015_02_03,35.17
2_2015_02_04,33.35
2_2015_02_05,
2_2015_02_06,
2_2015_02_07,32.23
2_2015_02_08,
2_2015_02_09,
2_2015_02_10,
2_2015_02_11,33.31
2_2015_02_12,
2_2015_02_13,
2_2015_02_14,34.71
2_2015_02_15,
2_2015_02_16,35.51
2_2015_02_17,
2_2015_02_18,36.27
2_2015_02_19,36.35
2_2015_02_20,34.83
2_2015_02_21,34.09
2_2015_02_22,33.47
2_2015_02_23,40.45
2_2015_02_24,36.79
2_2015_02_25,40.15
2_2015_02_26,38.63
2_2015_02_27,37.17
2_2015_02_28,40.31
2_2015_03_01,
2_2015_03_02,
2_2015_03_03,
2_2015_03_04,35.17
2_2015_03_05,35.99
2_2015_03_06,38.23
2_2015_03_07,40.01
2_2015_03_08,38.77
2_2015_03_09,
2_2015_03_10,
2_2015_03_11,44.59
2_2015_03_12,40.95
2_2015_03_13,43.05
2_2015_03_14,39.93
2_2015_03_15,41.25
2_2015_03_16,41.99
2_2015_03_17,40.73
2_2015_03_18,42.85
2_2015_03_19,
2_2015_03_20,45.29
2_2015_03_21,43.17
2_2015_03_22,45.91
2_2015_03_23,45.07
2_2015_03_24,44.97
2_2015_03_25,45.43
2_2015_03_26,38.65
2_2015_03_27,38.51
2_2015_03_28,
2_2015_03_29,40.93
2_2015_03_30,
2_2015_03_31,40.71
2_2015_04_01,35.17
2_2015_04_02,37.91
2_2015_04_03,35.21
2_2015_04_04,
2_2015_04_05,40.39
2_2015_04_06,
2_2015_04_07,40.61
2_2015_04_08,32.87
2_2015_04_09,35.61
2_2015_04_10,40.33
2_2015_04_11,
2_2015_04_12,
2_2015_04_13,
2_2015_04_14,40.99
2_2015_04_15,
2_2015_04_16,42.47
2_2015_04_17,
2_2015_04_18,34.63
2_2015_04_19,42.87
2_2015_04_20,
2_2015_04_21,
2_2015_04_22,
2_2015_04_23,41.97
2_2015_04_24,39.39
2_2015_04_25,
2_2015_04_26,
2_2015_04_27,
2_2015_04_28,32.03
2_2015_04_29,
2_2015_04_30,35.97
2_2015_05_01,33.41
2_2015_05_02,34.73
2_2015_05_03,
2_2015_05_04,34.45
2_2015_05_05,40.27
2_2015_05_06,
2_2015_05_07,39.15
2_2015_05_08,
2_2015_05_09,39.55
2_2015_05_10,35.39
2_2015_05_11,
2_2015_05_12,40.95
2_2015_05_13,37.19
2_2015_05_14,
2_2015_05_15,
2_2015_05_16,
2_2015_05_17,35.49
2_2015_05_18,
2_2015_05_19,
2_2015_05_20,
2_2015_05_21,35.15
2_2015_05_22,
2_2015_05_23,43.31
2_2015_05_24,
2_2015_05_25,40.15
2_2015_05_26,35.95
2_2015_05_27,34.31
2_2015_05_28,38.55
2_2015_05_29,35.41
2_2015_05_30,42.25
2_2015_05_31,
2_2015_06_01,
2_2015_06_02,
2_2015_06_03,41.93
2_2015_06_04,43.81
2_2015_06_05,
2_2015_06_06,41.97
2_2015_06_07,
2_2015_06_08,45.25
2_2015_06_09,
2_2015_06_10,42.59
2_2015_06_11,
2_2015_06_12,
2_2015_06_13,
2_2015_06_14,
2_2015_06_15,
2_2015_06_16,
2_2015_06_17,
2_2015_06_18,
2_2015_06_19,
2_2015_06_20,
2_2015_06_21,
2_2015_06_22,
2_2015_06_23,
2_2015_06_24,
2_2015_06_25,
2_2015_06_26,
2_2015_06_27,
2_2015_06_28,
2_2015_06_29,
2_2015_06_30,
2_2015_07_01,
2_2015_07_02,
2_2015_07_03,
2_2015_07_04,
2_2015_07_05,
2_2015_07_06,
2_2015_07_07,
2_2015_07_08,
2_2015_07_09,
2_2015_07_10,
2_2015_07_11,
2_2015_07_12,
2_2015_07_13,
2_2015_07_14,
2_2015_07_15,
2_2015_07_16,
2_2015_07_17,
2_2015_07_18,
2_2015_07_19,
2_2015_07_20,
2_2015_07_21,
2_2015_07_22,
2_2015_07_23,
2_2015_07_24,
2_2015_07_25,
2_2015_07_26,33.43
2_2015_07_27,
2_2015_07_28,
2_2015_07_29,
2_2015_07_30,
2_2015_07_31,
2_2015_08_01,
2_2015_08_02,
2_2015_08_03,
2_2015_08_04,
2_2015_08_05,
2_2015_08_06,
2_2015_08_07,
2_2015_08_08,
2_2015_08_09,
2_2015_08_10,
2_2015_08_11,
2_2015_08_12,
2_2015_08_13,
2_2015_08_14,
2_2015_08_15,
2_2015_08_16,
2_2015_08_17,
2_2015_08_18,
2_2015_08_19,
2_2015_08_20,
2_2015_08_21,
2_2015_08_22,
2_2015_08_23,
2_2015_08_24,
2_2015_08_25,
2_2015_08_26,
2_2015_08_27,
2_2015_08_28,
2_2015_08_29,
2_2015_08_30,
2_2015_08_31,
2_2015_09_01,
2_2015_09_02,
2_2015_09_03,
2_2015_09_04,
2_2015_09_05,32.47
2_2015_09_06,30.05
2_2015_09_07,32.37
2_2015_09_08,32.97
2_2015_09_09,
2_2015_09_10,34.11
2_2015_09_11,
2_2015_09_12,
2_2015_09_13,
2_2015_09_14,
2_2015_09_15,
2_2015_09_16,
2_2015_09_17,
2_2015_09_18,
2_2015_09_19,
2_2015_09_20,
2_2015_09_21,
2_2015_09_22,
2_2015_09_23,
2_2015_09_24,
2_2015_09_25,
2_2015_09_26,
2_2015_09_27,
2_2015_09_28,34.87
2_2015_09_29,
2_2015_09_30,33.19
2_2015_10_01,
2_2015_10_02,
2_2015_10_03,34.93
2_2015_10_04,
2_2015_10_05,35.33
2_2015_10_06,
2_2015_10_07,
2_2015_10_08,
2_2015_10_09,
2_2015_10_10,35.69
2_2015_10_11,31.69
2_2015_10_12,35.31
2_2015_10_13,
2_2015_10_14,
2_2015_10_15,
2_2015_10_16,32.65
2_2015_10_17,35.95
2_2015_10_18,33.81
2_2015_10_19,
2_2015_10_20,31.61
2_2015_10_21,36.93
2_2015_10_22,31.73
2_2015_10_23,35.83
2_2015_10_24,35.89
2_2015_10_25,34.67
2_2015_10_26,35.33
2_2015_10_27,26.41
2_2015_10_28,35.23
2_2015_10_29,
2_2015_10_30,
2_2015_10_31,
2_2015_11_01,
2_2015_11_02,
2_2015_11_03,29.19
2_2015_11_04,
2_2015_11_05,31.03
2_2015_11_06,31.43
2_2015_11_07,
2_2015_11_08,
2_2015_11_09,
2_2015_11_10,
2_2015_11_11,31.03
2_2015_11_12,
2_2015_11_13,31.69
2_2015_11_14,
2_2015_11_15,32.07
2_2015_11_16,30.29
2_2015_11_17,
2_2015_11_18,31.77
2_2015_11_19,
2_2015_11_20,32.01
2_2015_11_21,29.89
2_2015_11_22,31.41
2_2015_11_23,
2_2015_11_24,30.91
2_2015_11_25,30.47
2_2015_11_26,30.49
2_2015_11_27,31.69
2_2015_11_28,
2_2015_11_29,31.99
2_2015_11_30,
2_2015_12_01,33.99
2_2015_12_02,
2_2015_12_03,
2_2015_12_04,
2_2015_12_05,
2_2015_12_06,
2_2015_12_07,
2_2015_12_08,
2_2015_12_09,
2_2015_12_10,29.59
2_2015_12_11,
2_2015_12_12,
2_2015_12_13,
2_2015_12_14,
2_2015_12_15,28.43
2_2015_12_16,
2_2015_12_17,
2_2015_12_18,
2_2015_12_19,27.07
2_2015_12_20,
2_2015_12_21,
2_2015_12_22,
2_2015_12_23,
2_2015_12_24,
2_2015_12_25,
2_2015_12_26,28.21
2_2015_12_27,
2_2015_12_28,27.55
2_2015_12_29,29.61
2_2015_12_30,28.37
2_2015_12_31,28.75
2_2016_01_01,
2_2016_01_02,29.85
2_2016_01_03,
2_2016_01_04,
2_2016_01_05,
2_2016_01_06,29.19
2_2016_01_07,
2_2016_01_08,
2_2016_01_09,31.49
2_2016_01_10,
2_2016_01_11,24.09
2_2016_01_12,29.37
2_2016_01_13,
2_2016_01_14,28.19
2_2016_01_15,
2_2016_01_16,32.11
2_2016_01_17,
2_2016_01_18,
2_2016_01_19,
2_2016_01_20,
2_2016_01_21,26.55
2_2016_01_22,
2_2016_01_23,28.05
2_2016_01_24,27.81
2_2016_01_25,29.83
2_2016_01_26,
2_2016_01_27,30.43
2_2016_01_28,29.53
2_2016_01_29,29.99
2_2016_01_30,33.05
2_2016_01_31,31.89
2_2016_02_01,36.03
2_2016_02_02,
2_2016_02_03,33.89
2_2016_02_04,30.49
2_2016_02_05,31.99
2_2016_02_06,34.01
2_2016_02_07,
2_2016_02_08,31.97
2_2016_02_09,
2_2016_02_10,36.05
2_2016_02_11,
2_2016_02_12,36.37
2_2016_02_13,
2_2016_02_14,33.33
2_2016_02_15,
2_2016_02_16,
2_2016_02_17,34.35
2_2016_02_18,
2_2016_02_19,40.21
2_2016_02_20,36.47
2_2016_02_21,
2_2016_02_22,
2_2016_02_23,37.91
2_2016_02_24,35.13
2_2016_02_25,32.79
2_2016_02_26,
2_2016_02_27,
2_2016_02_28,38.17
2_2016_02_29,34.35
2_2016_03_01,36.05
2_2016_03_02,40.95
2_2016_03_03,37.31
2_2016_03_04,32.37
2_2016_03_05,
2_2016_03_06,32.35
2_2016_03_07,
2_2016_03_08,36.61
2_2016_03_09,
2_2016_03_10,39.41
2_2016_03_11,35.53
2_2016_03_12,
2_2016_03_13,
2_2016_03_14,
2_2016_03_15,33.25
2_2016_03_16,37.05
2_2016_03_17,42.63
2_2016_03_18,43.31
2_2016_03_19,
2_2016_03_20,43.43
2_2016_03_21,
2_2016_03_22,44.43
2_2016_03_23,43.13
2_2016_03_24,46.09
2_2016_03_25,43.49
2_2016_03_26,
2_2016_03_27,45.63
2_2016_03_28,41.59
2_2016_03_29,45.19
2_2016_03_30,38.71
2_2016_03_31,42.81
2_2016_04_01,
2_2016_04_02,43.61
2_2016_04_03,47.55
2_2016_04_04,
2_2016_04_05,49.95
2_2016_04_06,
2_2016_04_07,36.81
2_2016_04_08,
2_2016_04_09,
2_2016_04_10,
2_2016_04_11,42.55
2_2016_04_12,47.17
2_2016_04_13,44.61
2_2016_04_14,52.05
2_2016_04_15,41.99
2_2016_04_16,52.03
2_2016_04_17,
2_2016_04_18,
2_2016_04_19,47.07
2_2016_04_20,47.09
2_2016_04_21,51.01
2_2016_04_22,
2_2016_04_23,54.59
2_2016_04_24,44.67
2_2016_04_25,51.63
2_2016_04_26,50.99
2_2016_04_27,48.81
2_2016_04_28,
2_2016_04_29,
2_2016_04_30,52.19
2_2016_05_01,
2_2016_05_02,48.91
2_2016_05_03,43.71
2_2016_05_04,46.43
2_2016_05_05,
2_2016_05_06,45.69
2_2016_05_07,52.43
2_2016_05_08,
2_2016_05_09,52.29
2_2016_05_10,
2_2016_05_11,46.49
2_2016_05_12,
2_2016_05_13,39.73
2_2016_05_14,51.37
2_2016_05_15,43.41
2_2016_05_16,
2_2016_05_17,
2_2016_05_18,
2_2016_05_19,
2_2016_05_20,
2_2016_05_21,42.85
2_2016_05_22,
2_2016_05_23,40.25
2_2016_05_24,
2_2016_05_25,42.17
2_2016_05_26,
2_2016_05_27,40.17
2_2016_05_28,
2_2016_05_29,
2_2016_05_30,44.81
2_2016_05_31,
2_2016_06_01,
2_2016_06_02,
2_2016_06_03,35.97
2_2016_06_04,
2_2016_06_05,39.89
2_2016_06_06,43.07
2_2016_06_07,
2_2016_06_08,39.57
2_2016_06_09,
2_2016_06_10,38.51
2_2016_06_11,
2_2016_06_12,
2_2016_06_13,
2_2016_06_14,
2_2016_06_15,
2_2016_06_16,
2_2016_06_17,
2_2016_06_18,
2_2016_06_19,
2_2016_06_20,
2_2016_06_21,
2_2016_06_22,
2_2016_06_23,
2_2016_06_24,
2_2016_06_25,
2_2016_06_26,39.91
2_2016_06_27,
2_2016_06_28,
2_2016_06_29,
2_2016_06_30,
2_2016_07_01,
2_2016_07_02,
2_2016_07_03,
2_2016_07_04,
2_2016_07_05,
2_2016_07_06,
2_2016_07_07,
2_2016_07_08,
2_2016_07_09,
2_2016_07_10,
2_2016_07_11,
2_2016_07_12,
2_2016_07_13,
2_2016_07_14,
2_2016_07_15,
2_2016_07_16,
2_2016_07_17,
2_2016_07_18,
2_2016_07_19,
2_2016_07_20,
2_2016_07_21,
2_2016_07_22,
2_2016_07_23,
2_2016_07_24,
2_2016_07_25,
2_2016_07_26,
2_2016_07_27,
2_2016_07_28,
2_2016_07_29,
2_2016_07_30,
2_2016_07_31,
2_2016_08_01,
2_2016_08_02,
2_2016_08_03,
2_2016_08_04,
2_2016_08_05,
2_2016_08_06,
2_2016_08_07,
2_2016_08_08,
2_2016_08_09,
2_2016_08_10,
2_2016_08_11,
2_2016_08_12,
2_2016_08_13,
2_2016_08_14,
2_2016_08_15,
2_2016_08_16,
2_2016_08_17,
2_2016_08_18,
2_2016_08_19,
2_2016_08_20,35.09
2_2016_08_21,
2_2016_08_22,
2_2016_08_23,
2_2016_08_24,
2_2016_08_25,
2_2016_08_26,
2_2016_08_27,
2_2016_08_28,
2_2016_08_29,35.37
2_2016_08_30,
2_2016_08_31,
2_2016_09_01,
2_2016_09_02,
2_2016_09_03,
2_2016_09_04,
2_2016_09_05,
2_2016_09_06,
2_2016_09_07,
2_2016_09_08,
2_2016_09_09,
2_2016_09_10,
2_2016_09_11,
2_2016_09_12,
2_2016_09_13,
2_2016_09_14,28.77
2_2016_09_15,
2_2016_09_16,
2_2016_09_17,
2_2016_09_18,29.93
2_2016_09_19,
2_2016_09_20,
2_2016_09_21,29.97
2_2016_09_22,
2_2016_09_23,
2_2016_09_24,
2_2016_09_25,
2_2016_09_26,
2_2016_09_27,30.21
2_2016_09_28,30.53
2_2016_09_29,
2_2016_09_30,
2_2016_10_01,
2_2016_10_02,
2_2016_10_03,
2_2016_10_04,
2_2016_10_05,31.87
2_2016_10_06,
2_2016_10_07,
2_2016_10_08,
2_2016_10_09,30.47
2_2016_10_10,
2_2016_10_11,
2_2016_10_12,
2_2016_10_13,28.89
2_2016_10_14,
2_2016_10_15,
2_2016_10_16,31.37
2_2016_10_17,
2_2016_10_18,30.93
2_2016_10_19,31.01
2_2016_10_20,30.65
2_2016_10_21,31.45
2_2016_10_22,30.05
2_2016_10_23,32.17
2_2016_10_24,
2_2016_10_25,32.37
2_2016_10_26,31.25
2_2016_10_27,
2_2016_10_28,
2_2016_10_29,
2_2016_10_30,30.59
2_2016_10_31,
2_2016_11_01,
2_2016_11_02,
2_2016_11_03,23.09
2_2016_11_04,
2_2016_11_05,
2_2016_11_06,31.35
2_2016_11_07,
2_2016_11_08,29.85
2_2016_11_09,
2_2016_11_10,29.81
2_2016_11_11,
2_2016_11_12,30.67
2_2016_11_13,31.11
2_2016_11_14,
2_2016_11_15,31.49
2_2016_11_16,
2_2016_11_17,30.25
2_2016_11_18,29.05
2_2016_11_19,29.81
2_2016_11_20,30.59
2_2016_11_21,29.47
2_2016_11_22,29.89
2_2016_11_23,29.31
2_2016_11_24,31.61
2_2016_11_25,
2_2016_11_26,29.95
2_2016_11_27,29.13
2_2016_11_28,
2_2016_11_29,30.95
2_2016_11_30,
2_2016_12_01,27.65
2_2016_12_02,
2_2016_12_03,
2_2016_12_04,28.71
2_2016_12_05,30.31
2_2016_12_06,31.23
2_2016_12_07,29.45
2_2016_12_08,30.43
2_2016_12_09,27.87
2_2016_12_10,30.89
2_2016_12_11,
2_2016_12_12,32.61
2_2016_12_13,29.25
2_2016_12_14,25.47
2_2016_12_15,28.79
2_2016_12_16,26.65
2_2016_12_17,28.39
2_2016_12_18,
2_2016_12_19,29.49
2_2016_12_20,
2_2016_12_21,29.45
2_2016_12_22,
2_2016_12_23,
2_2016_12_24,29.55
2_2016_12_25,
2_2016_12_26,29.63
2_2016_12_27,
2_2016_12_28,29.53
2_2016_12_29,
2_2016_12_30,
2_2016_12_31,
2_2017_01_01,
2_2017_01_02,
2_2017_01_03,
2_2017_01_04,31.15
2_2017_01_05,30.13
2_2017_01_06,31.35
2_2017_01_07,30.49
2_2017_01_08,
2_2017_01_09,30.15
2_2017_01_10,
2_2017_01_11,
2_2017_01_12,
2_2017_01_13,27.91
2_2017_01_14,
2_2017_01_15,28.99
2_2017_01_16,31.43
2_2017_01_17,
2_2017_01_18,32.93
2_2017_01_19,
2_2017_01_20,28.99
2_2017_01_21,32.33
2_2017_01_22,33.45
2_2017_01_23,32.29
2_2017_01_24,32.41
2_2017_01_25,35.33
2_2017_01_26,
2_2017_01_27,32.03
2_2017_01_28,29.87
2_2017_01_29,33.33
2_2017_01_30,34.57
2_2017_01_31,33.13
2_2017_02_01,34.33
2_2017_02_02,31.47
2_2017_02_03,34.87
2_2017_02_04,
2_2017_02_05,35.25
2_2017_02_06,
2_2017_02_07,35.53
2_2017_02_08,36.17
2_2017_02_09,36.45
2_2017_02_10,35.25
2_2017_02_11,
2_2017_02_12,33.77
2_2017_02_13,
2_2017_02_14,37.31
2_2017_02_15,31.55
2_2017_02_16,35.65
2_2017_02_17,35.51
2_2017_02_18,33.67
2_2017_02_19,34.87
2_2017_02_20,
2_2017_02_21,41.41
2_2017_02_22,34.69
2_2017_02_23,39.55
2_2017_02_24,38.91
2_2017_02_25,38.59
2_2017_02_26,38.93
2_2017_02_27,36.63
2_2017_02_28,42.09
2_2017_03_01,38.63
2_2017_03_02,42.27
2_2017_03_03,36.57
2_2017_03_04,37.29
2_2017_03_05,35.13
2_2017_03_06,35.59
2_2017_03_07,41.69
2_2017_03_08,
2_2017_03_09,
2_2017_03_10,
2_2017_03_11,
2_2017_03_12,
2_2017_03_13,35.65
2_2017_03_14,38.85
2_2017_03_15,37.29
2_2017_03_16,42.77
2_2017_03_17,
2_2017_03_18,40.03
2_2017_03_19,
2_2017_03_20,35.85
2_2017_03_21,41.97
2_2017_03_22,39.33
2_2017_03_23,44.85
2_2017_03_24,
2_2017_03_25,43.89
2_2017_03_26,39.61
2_2017_03_27,47.41
2_2017_03_28,42.21
2_2017_03_29,43.03
2_2017_03_30,45.41
2_2017_03_31,41.33
2_2017_04_01,49.01
2_2017_04_02,41.09
2_2017_04_03,45.39
2_2017_04_04,
2_2017_04_05,44.67
2_2017_04_06,40.79
2_2017_04_07,40.21
2_2017_04_08,40.19
2_2017_04_09,
2_2017_04_10,44.43
2_2017_04_11,39.43
2_2017_04_12,46.39
2_2017_04_13,44.17
2_2017_04_14,43.61
2_2017_04_15,46.45
2_2017_04_16,35.71
2_2017_04_17,48.31
2_2017_04_18,
2_2017_04_19,45.21
2_2017_04_20,
2_2017_04_21,45.99
2_2017_04_22,
2_2017_04_23,38.95
2_2017_04_24,49.89
2_2017_04_25,
2_2017_04_26,43.43
2_2017_04_27,
2_2017_04_28,50.55
2_2017_04_29,47.77
2_2017_04_30,44.01
2_2017_05_01,44.93
2_2017_05_02,
2_2017_05_03,48.17
2_2017_05_04,
2_2017_05_05,49.17
2_2017_05_06,40.41
2_2017_05_07,47.57
2_2017_05_08,
2_2017_05_09,
2_2017_05_10,46.07
2_2017_05_11,
2_2017_05_12,42.67
2_2017_05_13,
2_2017_05_14,45.57
2_2017_05_15,
2_2017_05_16,
2_2017_05_17,
2_2017_05_18,32.97
2_2017_05_19,47.29
2_2017_05_20,
2_2017_05_21,49.11
2_2017_05_22,
2_2017_05_23,47.11
2_2017_05_24,45.45
2_2017_05_25,42.63
2_2017_05_26,
2_2017_05_27,
2_2017_05_28,40.83
2_2017_05_29,
2_2017_05_30,
2_2017_05_31,
2_2017_06_01,
2_2017_06_02,39.81
2_2017_06_03,38.29
2_2017_06_04,45.51
2_2017_06_05,
2_2017_06_06,
2_2017_06_07,
2_2017_06_08,
2_2017_06_09,
2_2017_06_10,
2_2017_06_11,
2_2017_06_12,
2_2017_06_13,39.05
2_2017_06_14,
2_2017_06_15,
2_2017_06_16,
2_2017_06_17,
2_2017_06_18,
2_2017_06_19,
2_2017_06_20,
2_2017_06_21,
2_2017_06_22,
2_2017_06_23,
2_2017_06_24,
2_2017_06_25,
2_2017_06_26,
2_2017_06_27,
2_2017_06_28,
2_2017_06_29,
2_2017_06_30,
2_2017_07_01,
2_2017_07_02,
2_2017_07_03,
2_2017_07_04,
2_2017_07_05,
2_2017_07_06,
2_2017_07_07,
2_2017_07_08,
2_2017_07_09,
2_2017_07_10,
2_2017_07_11,
2_2017_07_12,
2_2017_07_13,
2_2017_07_14,
2_2017_07_15,
2_2017_07_16,
2_2017_07_17,
2_2017_07_18,
2_2017_07_19,
2_2017_07_20,
2_2017_07_21,
2_2017_07_22,
2_2017_07_23,
2_2017_07_24,
2_2017_07_25,
2_2017_07_26,
2_2017_07_27,
2_2017_07_28,
2_2017_07_29,
2_2017_07_30,
2_2017_07_31,
2_2017_08_01,
2_2017_08_02,
2_2017_08_03,
2_2017_08_04,
2_2017_08_05,
2_2017_08_06,
2_2017_08_07,
2_2017_08_08,
2_2017_08_09,
2_2017_08_10,
2_2017_08_11,
2_2017_08_12,
2_2017_08_13,
2_2017_08_14,
2_2017_08_15,
2_2017_08_16,
2_2017_08_17,
2_2017_08_18,
2_2017_08_19,
2_2017_08_20,
2_2017_08_21,
2_2017_08_22,
2_2017_08_23,
2_2017_08_24,
2_2017_08_25,
2_2017_08_26,
2_2017_08_27,
2_2017_08_28,
2_2017_08_29,
2_2017_08_30,
2_2017_08_31,
2_2017_09_01,
2_2017_09_02,
2_2017_09_03,32.29
2_2017_09_04,32.19
2_2017_09_05,
2_2017_09_06,33.23
2_2017_09_07,
2_2017_09_08,
2_2017_09_09,
2_2017_09_10,
2_2017_09_11,
2_2017_09_12,
2_2017_09_13,
2_2017_09_14,
2_2017_09_15,
2_2017_09_16,
2_2017_09_17,
2_2017_09_18,
2_2017_09_19,
2_2017_09_20,
2_2017_09_21,
2_2017_09_22,
2_2017_09_23,
2_2017_09_24,
2_2017_09_25,
2_2017_09_26,
2_2017_09_27,
2_2017_09_28,
2_2017_09_29,
2_2017_09_30,
2_2017_10_01,
2_2017_10_02,
2_2017_10_03,
2_2017_10_04,
2_2017_10_05,28.09
2_2017_10_06,
2_2017_10_07,29.59
2_2017_10_08,
2_2017_10_09,
2_2017_10_10,
2_2017_10_11,
2_2017_10_12,30.67
2_2017_10_13,
2_2017_10_14,30.75
2_2017_10_15,32.63
2_2017_10_16,30.97
2_2017_10_17,29.65
2_2017_10_18,
2_2017_10_19,
2_2017_10_20,
2_2017_10_21,
2_2017_10_22,30.63
2_2017_10_23,30.21
2_2017_10_24,
2_2017_10_25,
2_2017_10_26,30.35
2_2017_10_27,
2_2017_10_28,29.89
2_2017_10_29,
2_2017_10_30,29.05
2_2017_10_31,
2_2017_11_01,
2_2017_11_02,28.87
2_2017_11_03,
2_2017_11_04,27.73
2_2017_11_05,
2_2017_11_06,31.29
2_2017_11_07,
2_2017_11_08,30.07
2_2017_11_09,29.63
2_2017_11_10,
2_2017_11_11,
2_2017_11_12,
2_2017_11_13,
2_2017_11_14,
2_2017_11_15,
2_2017_11_16,
2_2017_11_17,
2_2017_11_18,
2_2017_11_19,
2_2017_11_20,30.55
2_2017_11_21,
2_2017_11_22,28.07
2_2017_11_23,28.09
2_2017_11_24,27.35
2_2017_11_25,27.67
2_2017_11_26,27.71
2_2017_11_27,29.45
2_2017_11_28,28.29
2_2017_11_29,28.61
2_2017_11_30,28.49
2_2017_12_01,27.59
2_2017_12_02,
2_2017_12_03,
2_2017_12_04,27.87
2_2017_12_05,
2_2017_12_06,28.45
2_2017_12_07,
2_2017_12_08,
2_2017_12_09,
2_2017_12_10,
2_2017_12_11,29.77
2_2017_12_12,29.05
2_2017_12_13,32.23
2_2017_12_14,
2_2017_12_15,29.89
2_2017_12_16,
2_2017_12_17,28.19
2_2017_12_18,26.21
2_2017_12_19,
2_2017_12_20,26.65
2_2017_12_21,
2_2017_12_22,28.99
2_2017_12_23,
2_2017_12_24,28.49
2_2017_12_25,28.93
2_2017_12_26,26.95
2_2017_12_27,30.25
2_2017_12_28,27.33
2_2017_12_29,29.45
2_2017_12_30,
2_2017_12_31,29.01
2_2018_01_01,
2_2018_01_02,27.93
2_2018_01_03,27.53
2_2018_01_04,26.85
2_2018_01_05,28.97
2_2018_01_06,
2_2018_01_07,28.43
2_2018_01_08,
2_2018_01_09,27.47
2_2018_01_10,28.93
2_2018_01_11,27.37
2_2018_01_12,30.23
2_2018_01_13,25.81
2_2018_01_14,28.65
2_2018_01_15,
2_2018_01_16,30.29
2_2018_01_17,29.13
2_2018_01_18,30.75
2_2018_01_19,31.71
2_2018_01_20,29.07
2_2018_01_21,31.31
2_2018_01_22,
2_2018_01_23,31.49
2_2018_01_24,
2_2018_01_25,30.57
2_2018_01_26,29.61
2_2018_01_27,29.23
2_2018_01_28,32.57
2_2018_01_29,29.87
2_2018_01_30,33.05
2_2018_01_31,
2_2018_02_01,32.33
2_2018_02_02,32.15
2_2018_02_03,33.67
2_2018_02_04,33.19
2_2018_02_05,28.73
2_2018_02_06,35.71
2_2018_02_07,
2_2018_02_08,36.49
2_2018_02_09,
2_2018_02_10,
2_2018_02_11,
2_2018_02_12,
2_2018_02_13,
2_2018_02_14,27.41
2_2018_02_15,36.59
2_2018_02_16,33.41
2_2018_02_17,34.61
2_2018_02_18,32.69
2_2018_02_19,35.05
2_2018_02_20,31.15
2_2018_02_21,32.19
2_2018_02_22,38.57
2_2018_02_23,
2_2018_02_24,40.75
2_2018_02_25,
2_2018_02_26,38.31
2_2018_02_27,40.33
2_2018_02_28,37.99
2_2018_03_01,40.19
2_2018_03_02,36.63
2_2018_03_03,42.79
2_2018_03_04,38.41
2_2018_03_05,
2_2018_03_06,35.03
2_2018_03_07,43.09
2_2018_03_08,40.67
2_2018_03_09,40.25
2_2018_03_10,42.43
2_2018_03_11,
2_2018_03_12,41.91
2_2018_03_13,39.65
2_2018_03_14,45.11
2_2018_03_15,
2_2018_03_16,
2_2018_03_17,
2_2018_03_18,39.11
2_2018_03_19,45.65
2_2018_03_20,36.77
2_2018_03_21,44.07
2_2018_03_22,43.45
2_2018_03_23,40.03
2_2018_03_24,42.99
2_2018_03_25,
2_2018_03_26,46.89
2_2018_03_27,
2_2018_03_28,47.11
2_2018_03_29,40.85
2_2018_03_30,48.89
2_2018_03_31,36.03
2_2018_04_01,
2_2018_04_02,39.79
2_2018_04_03,37.19
2_2018_04_04,45.69
2_2018_04_05,
2_2018_04_06,40.83
2_2018_04_07,
2_2018_04_08,35.97
2_2018_04_09,39.31
2_2018_04_10,
2_2018_04_11,37.77
2_2018_04_12,
2_2018_04_13,40.11
2_2018_04_14,35.07
2_2018_04_15,43.37
2_2018_04_16,38.09
2_2018_04_17,37.09
2_2018_04_18,39.43
2_2018_04_19,35.85
2_2018_04_20,45.51
2_2018_04_21,
2_2018_04_22,44.71
2_2018_04_23,36.75
2_2018_04_24,43.45
2_2018_04_25,45.01
2_2018_04_26,39.85
2_2018_04_27,44.21
2_2018_04_28,
2_2018_04_29,38.63
2_2018_04_30,
